Copyright 1986-2022 Xilinx, Inc. All Rights Reserved. Copyright 2022-2024 Advanced Micro Devices, Inc. All Rights Reserved.
---------------------------------------------------------------------------------------------------------------------------------------------------------------------------------------------------------------------------------------------
| Tool Version : Vivado v.2024.2 (lin64) Build 5239630 Fri Nov 08 22:34:34 MST 2024
| Date         : Sat Feb 14 15:43:14 2026
| Host         : tunagun running 64-bit Ubuntu 24.04.4 LTS
| Command      : report_timing_summary -max_paths 10 -report_unconstrained -file design_1_wrapper_timing_summary_routed.rpt -pb design_1_wrapper_timing_summary_routed.pb -rpx design_1_wrapper_timing_summary_routed.rpx -warn_on_violation
| Design       : design_1_wrapper
| Device       : 7z020-clg400
| Speed File   : -1  PRODUCTION 1.12 2019-11-22
| Design State : Routed
---------------------------------------------------------------------------------------------------------------------------------------------------------------------------------------------------------------------------------------------

Timing Summary Report

------------------------------------------------------------------------------------------------
| Timer Settings
| --------------
------------------------------------------------------------------------------------------------

  Enable Multi Corner Analysis               :  Yes
  Enable Pessimism Removal                   :  Yes
  Pessimism Removal Resolution               :  Nearest Common Node
  Enable Input Delay Default Clock           :  No
  Enable Preset / Clear Arcs                 :  No
  Disable Flight Delays                      :  No
  Ignore I/O Paths                           :  No
  Timing Early Launch at Borrowing Latches   :  No
  Borrow Time for Max Delay Exceptions       :  Yes
  Merge Timing Exceptions                    :  Yes
  Inter-SLR Compensation                     :  Conservative

  Corner  Analyze    Analyze    
  Name    Max Paths  Min Paths  
  ------  ---------  ---------  
  Slow    Yes        Yes        
  Fast    Yes        Yes        


------------------------------------------------------------------------------------------------
| Report Methodology
| ------------------
------------------------------------------------------------------------------------------------

Rule     Severity  Description                   Violations  
-------  --------  ----------------------------  ----------  
LUTAR-1  Warning   LUT drives async reset alert  3           

Note: This report is based on the most recent report_methodology run and may not be up-to-date. Run report_methodology on the current design for the latest report.



check_timing report

Table of Contents
-----------------
1. checking no_clock (0)
2. checking constant_clock (0)
3. checking pulse_width_clock (0)
4. checking unconstrained_internal_endpoints (0)
5. checking no_input_delay (0)
6. checking no_output_delay (0)
7. checking multiple_clock (0)
8. checking generated_clocks (0)
9. checking loops (0)
10. checking partial_input_delay (0)
11. checking partial_output_delay (0)
12. checking latch_loops (0)

1. checking no_clock (0)
------------------------
 There are 0 register/latch pins with no clock.


2. checking constant_clock (0)
------------------------------
 There are 0 register/latch pins with constant_clock.


3. checking pulse_width_clock (0)
---------------------------------
 There are 0 register/latch pins which need pulse_width check


4. checking unconstrained_internal_endpoints (0)
------------------------------------------------
 There are 0 pins that are not constrained for maximum delay.

 There are 0 pins that are not constrained for maximum delay due to constant clock.


5. checking no_input_delay (0)
------------------------------
 There are 0 input ports with no input delay specified.

 There are 0 input ports with no input delay but user has a false path constraint.


6. checking no_output_delay (0)
-------------------------------
 There are 0 ports with no output delay specified.

 There are 0 ports with no output delay but user has a false path constraint

 There are 0 ports with no output delay but with a timing clock defined on it or propagating through it


7. checking multiple_clock (0)
------------------------------
 There are 0 register/latch pins with multiple clocks.


8. checking generated_clocks (0)
--------------------------------
 There are 0 generated clocks that are not connected to a clock source.


9. checking loops (0)
---------------------
 There are 0 combinational loops in the design.


10. checking partial_input_delay (0)
------------------------------------
 There are 0 input ports with partial input delay specified.


11. checking partial_output_delay (0)
-------------------------------------
 There are 0 ports with partial output delay specified.


12. checking latch_loops (0)
----------------------------
 There are 0 combinational latch loops in the design through latch input



------------------------------------------------------------------------------------------------
| Design Timing Summary
| ---------------------
------------------------------------------------------------------------------------------------

    WNS(ns)      TNS(ns)  TNS Failing Endpoints  TNS Total Endpoints      WHS(ns)      THS(ns)  THS Failing Endpoints  THS Total Endpoints     WPWS(ns)     TPWS(ns)  TPWS Failing Endpoints  TPWS Total Endpoints  
    -------      -------  ---------------------  -------------------      -------      -------  ---------------------  -------------------     --------     --------  ----------------------  --------------------  
      2.048        0.000                      0                 6758        0.050        0.000                      0                 6758        8.750        0.000                       0                  2318  


All user specified timing constraints are met.


------------------------------------------------------------------------------------------------
| Clock Summary
| -------------
------------------------------------------------------------------------------------------------

Clock       Waveform(ns)       Period(ns)      Frequency(MHz)
-----       ------------       ----------      --------------
clk_fpga_0  {0.000 10.000}     20.000          50.000          


------------------------------------------------------------------------------------------------
| Intra Clock Table
| -----------------
------------------------------------------------------------------------------------------------

Clock             WNS(ns)      TNS(ns)  TNS Failing Endpoints  TNS Total Endpoints      WHS(ns)      THS(ns)  THS Failing Endpoints  THS Total Endpoints     WPWS(ns)     TPWS(ns)  TPWS Failing Endpoints  TPWS Total Endpoints  
-----             -------      -------  ---------------------  -------------------      -------      -------  ---------------------  -------------------     --------     --------  ----------------------  --------------------  
clk_fpga_0          2.048        0.000                      0                 5143        0.050        0.000                      0                 5143        8.750        0.000                       0                  2318  


------------------------------------------------------------------------------------------------
| Inter Clock Table
| -----------------
------------------------------------------------------------------------------------------------

From Clock    To Clock          WNS(ns)      TNS(ns)  TNS Failing Endpoints  TNS Total Endpoints      WHS(ns)      THS(ns)  THS Failing Endpoints  THS Total Endpoints  
----------    --------          -------      -------  ---------------------  -------------------      -------      -------  ---------------------  -------------------  


------------------------------------------------------------------------------------------------
| Other Path Groups Table
| -----------------------
------------------------------------------------------------------------------------------------

Path Group         From Clock         To Clock               WNS(ns)      TNS(ns)  TNS Failing Endpoints  TNS Total Endpoints      WHS(ns)      THS(ns)  THS Failing Endpoints  THS Total Endpoints  
----------         ----------         --------               -------      -------  ---------------------  -------------------      -------      -------  ---------------------  -------------------  
**async_default**  clk_fpga_0         clk_fpga_0              10.353        0.000                      0                 1615        0.359        0.000                      0                 1615  


------------------------------------------------------------------------------------------------
| User Ignored Path Table
| -----------------------
------------------------------------------------------------------------------------------------

Path Group    From Clock    To Clock    
----------    ----------    --------    
(none)                      clk_fpga_0    
(none)        clk_fpga_0    clk_fpga_0    


------------------------------------------------------------------------------------------------
| Unconstrained Path Table
| ------------------------
------------------------------------------------------------------------------------------------

Path Group    From Clock    To Clock    
----------    ----------    --------    


------------------------------------------------------------------------------------------------
| Timing Details
| --------------
------------------------------------------------------------------------------------------------


---------------------------------------------------------------------------------------------------
From Clock:  clk_fpga_0
  To Clock:  clk_fpga_0

Setup :            0  Failing Endpoints,  Worst Slack        2.048ns,  Total Violation        0.000ns
Hold  :            0  Failing Endpoints,  Worst Slack        0.050ns,  Total Violation        0.000ns
PW    :            0  Failing Endpoints,  Worst Slack        8.750ns,  Total Violation        0.000ns
---------------------------------------------------------------------------------------------------


Max Delay Paths
--------------------------------------------------------------------------------------
Slack (MET) :             2.048ns  (required time - arrival time)
  Source:                 design_1_i/RISCV_EYE_CORE_0/inst/inst_sv_top/core_inst/mem_wb_register_inst/rd_addr_out_reg[1]/C
                            (rising edge-triggered cell FDCE clocked by clk_fpga_0  {rise@0.000ns fall@10.000ns period=20.000ns})
  Destination:            design_1_i/RISCV_EYE_CORE_0/inst/inst_sv_top/core_inst/id_ex_register_inst/pc_current_out_reg[26]/CE
                            (rising edge-triggered cell FDCE clocked by clk_fpga_0  {rise@0.000ns fall@10.000ns period=20.000ns})
  Path Group:             clk_fpga_0
  Path Type:              Setup (Max at Slow Process Corner)
  Requirement:            20.000ns  (clk_fpga_0 rise@20.000ns - clk_fpga_0 rise@0.000ns)
  Data Path Delay:        17.229ns  (logic 2.952ns (17.134%)  route 14.277ns (82.866%))
  Logic Levels:           15  (LUT2=2 LUT3=3 LUT5=2 LUT6=8)
  Clock Path Skew:        -0.049ns (DCD - SCD + CPR)
    Destination Clock Delay (DCD):    2.759ns = ( 22.760 - 20.000 ) 
    Source Clock Delay      (SCD):    3.038ns
    Clock Pessimism Removal (CPR):    0.230ns
  Clock Uncertainty:      0.302ns  ((TSJ^2 + TIJ^2)^1/2 + DJ) / 2 + PE
    Total System Jitter     (TSJ):    0.071ns
    Total Input Jitter      (TIJ):    0.600ns
    Discrete Jitter          (DJ):    0.000ns
    Phase Error              (PE):    0.000ns

    Location             Delay type                Incr(ns)  Path(ns)    Netlist Resource(s)
  -------------------------------------------------------------------    -------------------
                         (clock clk_fpga_0 rise edge)
                                                      0.000     0.000 r  
    PS7_X0Y0             PS7                          0.000     0.000 r  design_1_i/processing_system7_0/inst/PS7_i/FCLKCLK[0]
                         net (fo=1, routed)           1.193     1.193    design_1_i/processing_system7_0/inst/FCLK_CLK_unbuffered[0]
    BUFGCTRL_X0Y16       BUFG (Prop_bufg_I_O)         0.101     1.294 r  design_1_i/processing_system7_0/inst/buffer_fclk_clk_0.FCLK_CLK_0_BUFG/O
                         net (fo=2319, routed)        1.744     3.038    design_1_i/RISCV_EYE_CORE_0/inst/inst_sv_top/core_inst/mem_wb_register_inst/clk
    SLICE_X27Y35         FDCE                                         r  design_1_i/RISCV_EYE_CORE_0/inst/inst_sv_top/core_inst/mem_wb_register_inst/rd_addr_out_reg[1]/C
  -------------------------------------------------------------------    -------------------
    SLICE_X27Y35         FDCE (Prop_fdce_C_Q)         0.419     3.457 r  design_1_i/RISCV_EYE_CORE_0/inst/inst_sv_top/core_inst/mem_wb_register_inst/rd_addr_out_reg[1]/Q
                         net (fo=34, routed)          0.869     4.326    design_1_i/RISCV_EYE_CORE_0/inst/inst_sv_top/core_inst/hazard_unit_inst/rd_addr_wb_in[1]
    SLICE_X28Y35         LUT6 (Prop_lut6_I1_O)        0.299     4.625 r  design_1_i/RISCV_EYE_CORE_0/inst/inst_sv_top/core_inst/hazard_unit_inst/forward_a_select_out[1]_INST_0_i_2/O
                         net (fo=2, routed)           0.831     5.456    design_1_i/RISCV_EYE_CORE_0/inst/inst_sv_top/core_inst/hazard_unit_inst/p_9_in
    SLICE_X27Y35         LUT6 (Prop_lut6_I4_O)        0.124     5.580 r  design_1_i/RISCV_EYE_CORE_0/inst/inst_sv_top/core_inst/hazard_unit_inst/forward_b_select_out[1]_INST_0_i_1/O
                         net (fo=1, routed)           0.427     6.007    design_1_i/RISCV_EYE_CORE_0/inst/inst_sv_top/core_inst/hazard_unit_inst/forward_b_select_out[1]_INST_0_i_1_n_0
    SLICE_X26Y36         LUT2 (Prop_lut2_I0_O)        0.124     6.131 r  design_1_i/RISCV_EYE_CORE_0/inst/inst_sv_top/core_inst/hazard_unit_inst/forward_b_select_out[1]_INST_0/O
                         net (fo=32, routed)          0.786     6.917    design_1_i/RISCV_EYE_CORE_0/inst/inst_sv_top/core_inst/execute_stage_inst/alu_inst/forward_b_select_in[1]
    SLICE_X20Y35         LUT5 (Prop_lut5_I2_O)        0.124     7.041 r  design_1_i/RISCV_EYE_CORE_0/inst/inst_sv_top/core_inst/execute_stage_inst/alu_inst/write_data_out[2]_INST_0/O
                         net (fo=2, routed)           0.931     7.972    design_1_i/RISCV_EYE_CORE_0/inst/inst_sv_top/core_inst/execute_stage_inst/alu_inst/write_data_out[2]
    SLICE_X17Y37         LUT3 (Prop_lut3_I2_O)        0.149     8.121 r  design_1_i/RISCV_EYE_CORE_0/inst/inst_sv_top/core_inst/execute_stage_inst/alu_inst/alu_result_out[2]_INST_0_i_9/O
                         net (fo=119, routed)         1.965    10.086    design_1_i/RISCV_EYE_CORE_0/inst/inst_sv_top/core_inst/execute_stage_inst/alu_inst/alu_src_b_final[2]
    SLICE_X4Y45          LUT6 (Prop_lut6_I1_O)        0.332    10.418 f  design_1_i/RISCV_EYE_CORE_0/inst/inst_sv_top/core_inst/execute_stage_inst/alu_inst/alu_result_out[14]_INST_0_i_14/O
                         net (fo=2, routed)           0.803    11.221    design_1_i/RISCV_EYE_CORE_0/inst/inst_sv_top/core_inst/execute_stage_inst/alu_inst/alu_result_out[14]_INST_0_i_14_n_0
    SLICE_X1Y44          LUT3 (Prop_lut3_I2_O)        0.152    11.373 f  design_1_i/RISCV_EYE_CORE_0/inst/inst_sv_top/core_inst/execute_stage_inst/alu_inst/alu_result_out[11]_INST_0_i_8/O
                         net (fo=2, routed)           0.535    11.908    design_1_i/RISCV_EYE_CORE_0/inst/inst_sv_top/core_inst/execute_stage_inst/alu_inst/alu_result_out[11]_INST_0_i_8_n_0
    SLICE_X0Y44          LUT6 (Prop_lut6_I1_O)        0.332    12.240 f  design_1_i/RISCV_EYE_CORE_0/inst/inst_sv_top/core_inst/execute_stage_inst/alu_inst/alu_result_out[12]_INST_0_i_6/O
                         net (fo=1, routed)           0.574    12.814    design_1_i/RISCV_EYE_CORE_0/inst/inst_sv_top/core_inst/execute_stage_inst/alu_inst/alu_result_out[12]_INST_0_i_6_n_0
    SLICE_X5Y44          LUT6 (Prop_lut6_I5_O)        0.124    12.938 f  design_1_i/RISCV_EYE_CORE_0/inst/inst_sv_top/core_inst/execute_stage_inst/alu_inst/alu_result_out[12]_INST_0_i_1/O
                         net (fo=1, routed)           0.854    13.793    design_1_i/RISCV_EYE_CORE_0/inst/inst_sv_top/core_inst/execute_stage_inst/alu_inst/alu_result_out[12]_INST_0_i_1_n_0
    SLICE_X11Y41         LUT6 (Prop_lut6_I1_O)        0.124    13.917 f  design_1_i/RISCV_EYE_CORE_0/inst/inst_sv_top/core_inst/execute_stage_inst/alu_inst/alu_result_out[12]_INST_0/O
                         net (fo=3, routed)           0.974    14.890    design_1_i/RISCV_EYE_CORE_0/inst/inst_sv_top/core_inst/execute_stage_inst/alu_inst/alu_result_out[12]
    SLICE_X14Y43         LUT6 (Prop_lut6_I5_O)        0.124    15.014 r  design_1_i/RISCV_EYE_CORE_0/inst/inst_sv_top/core_inst/execute_stage_inst/alu_inst/zero_flag_out_INST_0_i_3/O
                         net (fo=1, routed)           0.844    15.859    design_1_i/RISCV_EYE_CORE_0/inst/inst_sv_top/core_inst/execute_stage_inst/alu_inst/zero_flag_out_INST_0_i_3_n_0
    SLICE_X14Y43         LUT6 (Prop_lut6_I2_O)        0.124    15.983 r  design_1_i/RISCV_EYE_CORE_0/inst/inst_sv_top/core_inst/execute_stage_inst/alu_inst/zero_flag_out_INST_0/O
                         net (fo=1, routed)           0.901    16.884    design_1_i/RISCV_EYE_CORE_0/inst/inst_sv_top/core_inst/zero_flag_s_e
    SLICE_X30Y41         LUT3 (Prop_lut3_I0_O)        0.124    17.008 r  design_1_i/RISCV_EYE_CORE_0/inst/inst_sv_top/core_inst/pc_source_execute_s/O
                         net (fo=35, routed)          0.849    17.856    design_1_i/RISCV_EYE_CORE_0/inst/inst_sv_top/core_inst/hazard_unit_inst/pc_src_ex_in
    SLICE_X26Y38         LUT5 (Prop_lut5_I3_O)        0.124    17.980 r  design_1_i/RISCV_EYE_CORE_0/inst/inst_sv_top/core_inst/hazard_unit_inst/clear_id_ex_out_INST_0/O
                         net (fo=190, routed)         0.755    18.736    design_1_i/RISCV_EYE_CORE_0/inst/inst_sv_top/core_inst/id_ex_register_inst/clear_in
    SLICE_X27Y38         LUT2 (Prop_lut2_I0_O)        0.153    18.889 r  design_1_i/RISCV_EYE_CORE_0/inst/inst_sv_top/core_inst/id_ex_register_inst/read_data1_out[31]_i_1/O
                         net (fo=189, routed)         1.378    20.266    design_1_i/RISCV_EYE_CORE_0/inst/inst_sv_top/core_inst/id_ex_register_inst/read_data1_out[31]_i_1_n_0
    SLICE_X14Y44         FDCE                                         r  design_1_i/RISCV_EYE_CORE_0/inst/inst_sv_top/core_inst/id_ex_register_inst/pc_current_out_reg[26]/CE
  -------------------------------------------------------------------    -------------------

                         (clock clk_fpga_0 rise edge)
                                                     20.000    20.000 r  
    PS7_X0Y0             PS7                          0.000    20.000 r  design_1_i/processing_system7_0/inst/PS7_i/FCLKCLK[0]
                         net (fo=1, routed)           1.088    21.088    design_1_i/processing_system7_0/inst/FCLK_CLK_unbuffered[0]
    BUFGCTRL_X0Y16       BUFG (Prop_bufg_I_O)         0.091    21.179 r  design_1_i/processing_system7_0/inst/buffer_fclk_clk_0.FCLK_CLK_0_BUFG/O
                         net (fo=2319, routed)        1.580    22.760    design_1_i/RISCV_EYE_CORE_0/inst/inst_sv_top/core_inst/id_ex_register_inst/clk
    SLICE_X14Y44         FDCE                                         r  design_1_i/RISCV_EYE_CORE_0/inst/inst_sv_top/core_inst/id_ex_register_inst/pc_current_out_reg[26]/C
                         clock pessimism              0.230    22.989    
                         clock uncertainty           -0.302    22.687    
    SLICE_X14Y44         FDCE (Setup_fdce_C_CE)      -0.372    22.315    design_1_i/RISCV_EYE_CORE_0/inst/inst_sv_top/core_inst/id_ex_register_inst/pc_current_out_reg[26]
  -------------------------------------------------------------------
                         required time                         22.315    
                         arrival time                         -20.267    
  -------------------------------------------------------------------
                         slack                                  2.048    

Slack (MET) :             2.048ns  (required time - arrival time)
  Source:                 design_1_i/RISCV_EYE_CORE_0/inst/inst_sv_top/core_inst/mem_wb_register_inst/rd_addr_out_reg[1]/C
                            (rising edge-triggered cell FDCE clocked by clk_fpga_0  {rise@0.000ns fall@10.000ns period=20.000ns})
  Destination:            design_1_i/RISCV_EYE_CORE_0/inst/inst_sv_top/core_inst/id_ex_register_inst/pc_current_out_reg[27]/CE
                            (rising edge-triggered cell FDCE clocked by clk_fpga_0  {rise@0.000ns fall@10.000ns period=20.000ns})
  Path Group:             clk_fpga_0
  Path Type:              Setup (Max at Slow Process Corner)
  Requirement:            20.000ns  (clk_fpga_0 rise@20.000ns - clk_fpga_0 rise@0.000ns)
  Data Path Delay:        17.229ns  (logic 2.952ns (17.134%)  route 14.277ns (82.866%))
  Logic Levels:           15  (LUT2=2 LUT3=3 LUT5=2 LUT6=8)
  Clock Path Skew:        -0.049ns (DCD - SCD + CPR)
    Destination Clock Delay (DCD):    2.759ns = ( 22.760 - 20.000 ) 
    Source Clock Delay      (SCD):    3.038ns
    Clock Pessimism Removal (CPR):    0.230ns
  Clock Uncertainty:      0.302ns  ((TSJ^2 + TIJ^2)^1/2 + DJ) / 2 + PE
    Total System Jitter     (TSJ):    0.071ns
    Total Input Jitter      (TIJ):    0.600ns
    Discrete Jitter          (DJ):    0.000ns
    Phase Error              (PE):    0.000ns

    Location             Delay type                Incr(ns)  Path(ns)    Netlist Resource(s)
  -------------------------------------------------------------------    -------------------
                         (clock clk_fpga_0 rise edge)
                                                      0.000     0.000 r  
    PS7_X0Y0             PS7                          0.000     0.000 r  design_1_i/processing_system7_0/inst/PS7_i/FCLKCLK[0]
                         net (fo=1, routed)           1.193     1.193    design_1_i/processing_system7_0/inst/FCLK_CLK_unbuffered[0]
    BUFGCTRL_X0Y16       BUFG (Prop_bufg_I_O)         0.101     1.294 r  design_1_i/processing_system7_0/inst/buffer_fclk_clk_0.FCLK_CLK_0_BUFG/O
                         net (fo=2319, routed)        1.744     3.038    design_1_i/RISCV_EYE_CORE_0/inst/inst_sv_top/core_inst/mem_wb_register_inst/clk
    SLICE_X27Y35         FDCE                                         r  design_1_i/RISCV_EYE_CORE_0/inst/inst_sv_top/core_inst/mem_wb_register_inst/rd_addr_out_reg[1]/C
  -------------------------------------------------------------------    -------------------
    SLICE_X27Y35         FDCE (Prop_fdce_C_Q)         0.419     3.457 r  design_1_i/RISCV_EYE_CORE_0/inst/inst_sv_top/core_inst/mem_wb_register_inst/rd_addr_out_reg[1]/Q
                         net (fo=34, routed)          0.869     4.326    design_1_i/RISCV_EYE_CORE_0/inst/inst_sv_top/core_inst/hazard_unit_inst/rd_addr_wb_in[1]
    SLICE_X28Y35         LUT6 (Prop_lut6_I1_O)        0.299     4.625 r  design_1_i/RISCV_EYE_CORE_0/inst/inst_sv_top/core_inst/hazard_unit_inst/forward_a_select_out[1]_INST_0_i_2/O
                         net (fo=2, routed)           0.831     5.456    design_1_i/RISCV_EYE_CORE_0/inst/inst_sv_top/core_inst/hazard_unit_inst/p_9_in
    SLICE_X27Y35         LUT6 (Prop_lut6_I4_O)        0.124     5.580 r  design_1_i/RISCV_EYE_CORE_0/inst/inst_sv_top/core_inst/hazard_unit_inst/forward_b_select_out[1]_INST_0_i_1/O
                         net (fo=1, routed)           0.427     6.007    design_1_i/RISCV_EYE_CORE_0/inst/inst_sv_top/core_inst/hazard_unit_inst/forward_b_select_out[1]_INST_0_i_1_n_0
    SLICE_X26Y36         LUT2 (Prop_lut2_I0_O)        0.124     6.131 r  design_1_i/RISCV_EYE_CORE_0/inst/inst_sv_top/core_inst/hazard_unit_inst/forward_b_select_out[1]_INST_0/O
                         net (fo=32, routed)          0.786     6.917    design_1_i/RISCV_EYE_CORE_0/inst/inst_sv_top/core_inst/execute_stage_inst/alu_inst/forward_b_select_in[1]
    SLICE_X20Y35         LUT5 (Prop_lut5_I2_O)        0.124     7.041 r  design_1_i/RISCV_EYE_CORE_0/inst/inst_sv_top/core_inst/execute_stage_inst/alu_inst/write_data_out[2]_INST_0/O
                         net (fo=2, routed)           0.931     7.972    design_1_i/RISCV_EYE_CORE_0/inst/inst_sv_top/core_inst/execute_stage_inst/alu_inst/write_data_out[2]
    SLICE_X17Y37         LUT3 (Prop_lut3_I2_O)        0.149     8.121 r  design_1_i/RISCV_EYE_CORE_0/inst/inst_sv_top/core_inst/execute_stage_inst/alu_inst/alu_result_out[2]_INST_0_i_9/O
                         net (fo=119, routed)         1.965    10.086    design_1_i/RISCV_EYE_CORE_0/inst/inst_sv_top/core_inst/execute_stage_inst/alu_inst/alu_src_b_final[2]
    SLICE_X4Y45          LUT6 (Prop_lut6_I1_O)        0.332    10.418 f  design_1_i/RISCV_EYE_CORE_0/inst/inst_sv_top/core_inst/execute_stage_inst/alu_inst/alu_result_out[14]_INST_0_i_14/O
                         net (fo=2, routed)           0.803    11.221    design_1_i/RISCV_EYE_CORE_0/inst/inst_sv_top/core_inst/execute_stage_inst/alu_inst/alu_result_out[14]_INST_0_i_14_n_0
    SLICE_X1Y44          LUT3 (Prop_lut3_I2_O)        0.152    11.373 f  design_1_i/RISCV_EYE_CORE_0/inst/inst_sv_top/core_inst/execute_stage_inst/alu_inst/alu_result_out[11]_INST_0_i_8/O
                         net (fo=2, routed)           0.535    11.908    design_1_i/RISCV_EYE_CORE_0/inst/inst_sv_top/core_inst/execute_stage_inst/alu_inst/alu_result_out[11]_INST_0_i_8_n_0
    SLICE_X0Y44          LUT6 (Prop_lut6_I1_O)        0.332    12.240 f  design_1_i/RISCV_EYE_CORE_0/inst/inst_sv_top/core_inst/execute_stage_inst/alu_inst/alu_result_out[12]_INST_0_i_6/O
                         net (fo=1, routed)           0.574    12.814    design_1_i/RISCV_EYE_CORE_0/inst/inst_sv_top/core_inst/execute_stage_inst/alu_inst/alu_result_out[12]_INST_0_i_6_n_0
    SLICE_X5Y44          LUT6 (Prop_lut6_I5_O)        0.124    12.938 f  design_1_i/RISCV_EYE_CORE_0/inst/inst_sv_top/core_inst/execute_stage_inst/alu_inst/alu_result_out[12]_INST_0_i_1/O
                         net (fo=1, routed)           0.854    13.793    design_1_i/RISCV_EYE_CORE_0/inst/inst_sv_top/core_inst/execute_stage_inst/alu_inst/alu_result_out[12]_INST_0_i_1_n_0
    SLICE_X11Y41         LUT6 (Prop_lut6_I1_O)        0.124    13.917 f  design_1_i/RISCV_EYE_CORE_0/inst/inst_sv_top/core_inst/execute_stage_inst/alu_inst/alu_result_out[12]_INST_0/O
                         net (fo=3, routed)           0.974    14.890    design_1_i/RISCV_EYE_CORE_0/inst/inst_sv_top/core_inst/execute_stage_inst/alu_inst/alu_result_out[12]
    SLICE_X14Y43         LUT6 (Prop_lut6_I5_O)        0.124    15.014 r  design_1_i/RISCV_EYE_CORE_0/inst/inst_sv_top/core_inst/execute_stage_inst/alu_inst/zero_flag_out_INST_0_i_3/O
                         net (fo=1, routed)           0.844    15.859    design_1_i/RISCV_EYE_CORE_0/inst/inst_sv_top/core_inst/execute_stage_inst/alu_inst/zero_flag_out_INST_0_i_3_n_0
    SLICE_X14Y43         LUT6 (Prop_lut6_I2_O)        0.124    15.983 r  design_1_i/RISCV_EYE_CORE_0/inst/inst_sv_top/core_inst/execute_stage_inst/alu_inst/zero_flag_out_INST_0/O
                         net (fo=1, routed)           0.901    16.884    design_1_i/RISCV_EYE_CORE_0/inst/inst_sv_top/core_inst/zero_flag_s_e
    SLICE_X30Y41         LUT3 (Prop_lut3_I0_O)        0.124    17.008 r  design_1_i/RISCV_EYE_CORE_0/inst/inst_sv_top/core_inst/pc_source_execute_s/O
                         net (fo=35, routed)          0.849    17.856    design_1_i/RISCV_EYE_CORE_0/inst/inst_sv_top/core_inst/hazard_unit_inst/pc_src_ex_in
    SLICE_X26Y38         LUT5 (Prop_lut5_I3_O)        0.124    17.980 r  design_1_i/RISCV_EYE_CORE_0/inst/inst_sv_top/core_inst/hazard_unit_inst/clear_id_ex_out_INST_0/O
                         net (fo=190, routed)         0.755    18.736    design_1_i/RISCV_EYE_CORE_0/inst/inst_sv_top/core_inst/id_ex_register_inst/clear_in
    SLICE_X27Y38         LUT2 (Prop_lut2_I0_O)        0.153    18.889 r  design_1_i/RISCV_EYE_CORE_0/inst/inst_sv_top/core_inst/id_ex_register_inst/read_data1_out[31]_i_1/O
                         net (fo=189, routed)         1.378    20.266    design_1_i/RISCV_EYE_CORE_0/inst/inst_sv_top/core_inst/id_ex_register_inst/read_data1_out[31]_i_1_n_0
    SLICE_X14Y44         FDCE                                         r  design_1_i/RISCV_EYE_CORE_0/inst/inst_sv_top/core_inst/id_ex_register_inst/pc_current_out_reg[27]/CE
  -------------------------------------------------------------------    -------------------

                         (clock clk_fpga_0 rise edge)
                                                     20.000    20.000 r  
    PS7_X0Y0             PS7                          0.000    20.000 r  design_1_i/processing_system7_0/inst/PS7_i/FCLKCLK[0]
                         net (fo=1, routed)           1.088    21.088    design_1_i/processing_system7_0/inst/FCLK_CLK_unbuffered[0]
    BUFGCTRL_X0Y16       BUFG (Prop_bufg_I_O)         0.091    21.179 r  design_1_i/processing_system7_0/inst/buffer_fclk_clk_0.FCLK_CLK_0_BUFG/O
                         net (fo=2319, routed)        1.580    22.760    design_1_i/RISCV_EYE_CORE_0/inst/inst_sv_top/core_inst/id_ex_register_inst/clk
    SLICE_X14Y44         FDCE                                         r  design_1_i/RISCV_EYE_CORE_0/inst/inst_sv_top/core_inst/id_ex_register_inst/pc_current_out_reg[27]/C
                         clock pessimism              0.230    22.989    
                         clock uncertainty           -0.302    22.687    
    SLICE_X14Y44         FDCE (Setup_fdce_C_CE)      -0.372    22.315    design_1_i/RISCV_EYE_CORE_0/inst/inst_sv_top/core_inst/id_ex_register_inst/pc_current_out_reg[27]
  -------------------------------------------------------------------
                         required time                         22.315    
                         arrival time                         -20.267    
  -------------------------------------------------------------------
                         slack                                  2.048    

Slack (MET) :             2.112ns  (required time - arrival time)
  Source:                 design_1_i/RISCV_EYE_CORE_0/inst/inst_sv_top/core_inst/mem_wb_register_inst/rd_addr_out_reg[1]/C
                            (rising edge-triggered cell FDCE clocked by clk_fpga_0  {rise@0.000ns fall@10.000ns period=20.000ns})
  Destination:            design_1_i/RISCV_EYE_CORE_0/inst/inst_sv_top/core_inst/id_ex_register_inst/pc_current_out_reg[28]/CE
                            (rising edge-triggered cell FDCE clocked by clk_fpga_0  {rise@0.000ns fall@10.000ns period=20.000ns})
  Path Group:             clk_fpga_0
  Path Type:              Setup (Max at Slow Process Corner)
  Requirement:            20.000ns  (clk_fpga_0 rise@20.000ns - clk_fpga_0 rise@0.000ns)
  Data Path Delay:        17.129ns  (logic 2.952ns (17.234%)  route 14.177ns (82.766%))
  Logic Levels:           15  (LUT2=2 LUT3=3 LUT5=2 LUT6=8)
  Clock Path Skew:        -0.049ns (DCD - SCD + CPR)
    Destination Clock Delay (DCD):    2.759ns = ( 22.760 - 20.000 ) 
    Source Clock Delay      (SCD):    3.038ns
    Clock Pessimism Removal (CPR):    0.230ns
  Clock Uncertainty:      0.302ns  ((TSJ^2 + TIJ^2)^1/2 + DJ) / 2 + PE
    Total System Jitter     (TSJ):    0.071ns
    Total Input Jitter      (TIJ):    0.600ns
    Discrete Jitter          (DJ):    0.000ns
    Phase Error              (PE):    0.000ns

    Location             Delay type                Incr(ns)  Path(ns)    Netlist Resource(s)
  -------------------------------------------------------------------    -------------------
                         (clock clk_fpga_0 rise edge)
                                                      0.000     0.000 r  
    PS7_X0Y0             PS7                          0.000     0.000 r  design_1_i/processing_system7_0/inst/PS7_i/FCLKCLK[0]
                         net (fo=1, routed)           1.193     1.193    design_1_i/processing_system7_0/inst/FCLK_CLK_unbuffered[0]
    BUFGCTRL_X0Y16       BUFG (Prop_bufg_I_O)         0.101     1.294 r  design_1_i/processing_system7_0/inst/buffer_fclk_clk_0.FCLK_CLK_0_BUFG/O
                         net (fo=2319, routed)        1.744     3.038    design_1_i/RISCV_EYE_CORE_0/inst/inst_sv_top/core_inst/mem_wb_register_inst/clk
    SLICE_X27Y35         FDCE                                         r  design_1_i/RISCV_EYE_CORE_0/inst/inst_sv_top/core_inst/mem_wb_register_inst/rd_addr_out_reg[1]/C
  -------------------------------------------------------------------    -------------------
    SLICE_X27Y35         FDCE (Prop_fdce_C_Q)         0.419     3.457 r  design_1_i/RISCV_EYE_CORE_0/inst/inst_sv_top/core_inst/mem_wb_register_inst/rd_addr_out_reg[1]/Q
                         net (fo=34, routed)          0.869     4.326    design_1_i/RISCV_EYE_CORE_0/inst/inst_sv_top/core_inst/hazard_unit_inst/rd_addr_wb_in[1]
    SLICE_X28Y35         LUT6 (Prop_lut6_I1_O)        0.299     4.625 r  design_1_i/RISCV_EYE_CORE_0/inst/inst_sv_top/core_inst/hazard_unit_inst/forward_a_select_out[1]_INST_0_i_2/O
                         net (fo=2, routed)           0.831     5.456    design_1_i/RISCV_EYE_CORE_0/inst/inst_sv_top/core_inst/hazard_unit_inst/p_9_in
    SLICE_X27Y35         LUT6 (Prop_lut6_I4_O)        0.124     5.580 r  design_1_i/RISCV_EYE_CORE_0/inst/inst_sv_top/core_inst/hazard_unit_inst/forward_b_select_out[1]_INST_0_i_1/O
                         net (fo=1, routed)           0.427     6.007    design_1_i/RISCV_EYE_CORE_0/inst/inst_sv_top/core_inst/hazard_unit_inst/forward_b_select_out[1]_INST_0_i_1_n_0
    SLICE_X26Y36         LUT2 (Prop_lut2_I0_O)        0.124     6.131 r  design_1_i/RISCV_EYE_CORE_0/inst/inst_sv_top/core_inst/hazard_unit_inst/forward_b_select_out[1]_INST_0/O
                         net (fo=32, routed)          0.786     6.917    design_1_i/RISCV_EYE_CORE_0/inst/inst_sv_top/core_inst/execute_stage_inst/alu_inst/forward_b_select_in[1]
    SLICE_X20Y35         LUT5 (Prop_lut5_I2_O)        0.124     7.041 r  design_1_i/RISCV_EYE_CORE_0/inst/inst_sv_top/core_inst/execute_stage_inst/alu_inst/write_data_out[2]_INST_0/O
                         net (fo=2, routed)           0.931     7.972    design_1_i/RISCV_EYE_CORE_0/inst/inst_sv_top/core_inst/execute_stage_inst/alu_inst/write_data_out[2]
    SLICE_X17Y37         LUT3 (Prop_lut3_I2_O)        0.149     8.121 r  design_1_i/RISCV_EYE_CORE_0/inst/inst_sv_top/core_inst/execute_stage_inst/alu_inst/alu_result_out[2]_INST_0_i_9/O
                         net (fo=119, routed)         1.965    10.086    design_1_i/RISCV_EYE_CORE_0/inst/inst_sv_top/core_inst/execute_stage_inst/alu_inst/alu_src_b_final[2]
    SLICE_X4Y45          LUT6 (Prop_lut6_I1_O)        0.332    10.418 f  design_1_i/RISCV_EYE_CORE_0/inst/inst_sv_top/core_inst/execute_stage_inst/alu_inst/alu_result_out[14]_INST_0_i_14/O
                         net (fo=2, routed)           0.803    11.221    design_1_i/RISCV_EYE_CORE_0/inst/inst_sv_top/core_inst/execute_stage_inst/alu_inst/alu_result_out[14]_INST_0_i_14_n_0
    SLICE_X1Y44          LUT3 (Prop_lut3_I2_O)        0.152    11.373 f  design_1_i/RISCV_EYE_CORE_0/inst/inst_sv_top/core_inst/execute_stage_inst/alu_inst/alu_result_out[11]_INST_0_i_8/O
                         net (fo=2, routed)           0.535    11.908    design_1_i/RISCV_EYE_CORE_0/inst/inst_sv_top/core_inst/execute_stage_inst/alu_inst/alu_result_out[11]_INST_0_i_8_n_0
    SLICE_X0Y44          LUT6 (Prop_lut6_I1_O)        0.332    12.240 f  design_1_i/RISCV_EYE_CORE_0/inst/inst_sv_top/core_inst/execute_stage_inst/alu_inst/alu_result_out[12]_INST_0_i_6/O
                         net (fo=1, routed)           0.574    12.814    design_1_i/RISCV_EYE_CORE_0/inst/inst_sv_top/core_inst/execute_stage_inst/alu_inst/alu_result_out[12]_INST_0_i_6_n_0
    SLICE_X5Y44          LUT6 (Prop_lut6_I5_O)        0.124    12.938 f  design_1_i/RISCV_EYE_CORE_0/inst/inst_sv_top/core_inst/execute_stage_inst/alu_inst/alu_result_out[12]_INST_0_i_1/O
                         net (fo=1, routed)           0.854    13.793    design_1_i/RISCV_EYE_CORE_0/inst/inst_sv_top/core_inst/execute_stage_inst/alu_inst/alu_result_out[12]_INST_0_i_1_n_0
    SLICE_X11Y41         LUT6 (Prop_lut6_I1_O)        0.124    13.917 f  design_1_i/RISCV_EYE_CORE_0/inst/inst_sv_top/core_inst/execute_stage_inst/alu_inst/alu_result_out[12]_INST_0/O
                         net (fo=3, routed)           0.974    14.890    design_1_i/RISCV_EYE_CORE_0/inst/inst_sv_top/core_inst/execute_stage_inst/alu_inst/alu_result_out[12]
    SLICE_X14Y43         LUT6 (Prop_lut6_I5_O)        0.124    15.014 r  design_1_i/RISCV_EYE_CORE_0/inst/inst_sv_top/core_inst/execute_stage_inst/alu_inst/zero_flag_out_INST_0_i_3/O
                         net (fo=1, routed)           0.844    15.859    design_1_i/RISCV_EYE_CORE_0/inst/inst_sv_top/core_inst/execute_stage_inst/alu_inst/zero_flag_out_INST_0_i_3_n_0
    SLICE_X14Y43         LUT6 (Prop_lut6_I2_O)        0.124    15.983 r  design_1_i/RISCV_EYE_CORE_0/inst/inst_sv_top/core_inst/execute_stage_inst/alu_inst/zero_flag_out_INST_0/O
                         net (fo=1, routed)           0.901    16.884    design_1_i/RISCV_EYE_CORE_0/inst/inst_sv_top/core_inst/zero_flag_s_e
    SLICE_X30Y41         LUT3 (Prop_lut3_I0_O)        0.124    17.008 r  design_1_i/RISCV_EYE_CORE_0/inst/inst_sv_top/core_inst/pc_source_execute_s/O
                         net (fo=35, routed)          0.849    17.856    design_1_i/RISCV_EYE_CORE_0/inst/inst_sv_top/core_inst/hazard_unit_inst/pc_src_ex_in
    SLICE_X26Y38         LUT5 (Prop_lut5_I3_O)        0.124    17.980 r  design_1_i/RISCV_EYE_CORE_0/inst/inst_sv_top/core_inst/hazard_unit_inst/clear_id_ex_out_INST_0/O
                         net (fo=190, routed)         0.755    18.736    design_1_i/RISCV_EYE_CORE_0/inst/inst_sv_top/core_inst/id_ex_register_inst/clear_in
    SLICE_X27Y38         LUT2 (Prop_lut2_I0_O)        0.153    18.889 r  design_1_i/RISCV_EYE_CORE_0/inst/inst_sv_top/core_inst/id_ex_register_inst/read_data1_out[31]_i_1/O
                         net (fo=189, routed)         1.278    20.167    design_1_i/RISCV_EYE_CORE_0/inst/inst_sv_top/core_inst/id_ex_register_inst/read_data1_out[31]_i_1_n_0
    SLICE_X17Y45         FDCE                                         r  design_1_i/RISCV_EYE_CORE_0/inst/inst_sv_top/core_inst/id_ex_register_inst/pc_current_out_reg[28]/CE
  -------------------------------------------------------------------    -------------------

                         (clock clk_fpga_0 rise edge)
                                                     20.000    20.000 r  
    PS7_X0Y0             PS7                          0.000    20.000 r  design_1_i/processing_system7_0/inst/PS7_i/FCLKCLK[0]
                         net (fo=1, routed)           1.088    21.088    design_1_i/processing_system7_0/inst/FCLK_CLK_unbuffered[0]
    BUFGCTRL_X0Y16       BUFG (Prop_bufg_I_O)         0.091    21.179 r  design_1_i/processing_system7_0/inst/buffer_fclk_clk_0.FCLK_CLK_0_BUFG/O
                         net (fo=2319, routed)        1.580    22.760    design_1_i/RISCV_EYE_CORE_0/inst/inst_sv_top/core_inst/id_ex_register_inst/clk
    SLICE_X17Y45         FDCE                                         r  design_1_i/RISCV_EYE_CORE_0/inst/inst_sv_top/core_inst/id_ex_register_inst/pc_current_out_reg[28]/C
                         clock pessimism              0.230    22.989    
                         clock uncertainty           -0.302    22.687    
    SLICE_X17Y45         FDCE (Setup_fdce_C_CE)      -0.408    22.279    design_1_i/RISCV_EYE_CORE_0/inst/inst_sv_top/core_inst/id_ex_register_inst/pc_current_out_reg[28]
  -------------------------------------------------------------------
                         required time                         22.279    
                         arrival time                         -20.167    
  -------------------------------------------------------------------
                         slack                                  2.112    

Slack (MET) :             2.112ns  (required time - arrival time)
  Source:                 design_1_i/RISCV_EYE_CORE_0/inst/inst_sv_top/core_inst/mem_wb_register_inst/rd_addr_out_reg[1]/C
                            (rising edge-triggered cell FDCE clocked by clk_fpga_0  {rise@0.000ns fall@10.000ns period=20.000ns})
  Destination:            design_1_i/RISCV_EYE_CORE_0/inst/inst_sv_top/core_inst/id_ex_register_inst/pc_current_out_reg[29]/CE
                            (rising edge-triggered cell FDCE clocked by clk_fpga_0  {rise@0.000ns fall@10.000ns period=20.000ns})
  Path Group:             clk_fpga_0
  Path Type:              Setup (Max at Slow Process Corner)
  Requirement:            20.000ns  (clk_fpga_0 rise@20.000ns - clk_fpga_0 rise@0.000ns)
  Data Path Delay:        17.129ns  (logic 2.952ns (17.234%)  route 14.177ns (82.766%))
  Logic Levels:           15  (LUT2=2 LUT3=3 LUT5=2 LUT6=8)
  Clock Path Skew:        -0.049ns (DCD - SCD + CPR)
    Destination Clock Delay (DCD):    2.759ns = ( 22.760 - 20.000 ) 
    Source Clock Delay      (SCD):    3.038ns
    Clock Pessimism Removal (CPR):    0.230ns
  Clock Uncertainty:      0.302ns  ((TSJ^2 + TIJ^2)^1/2 + DJ) / 2 + PE
    Total System Jitter     (TSJ):    0.071ns
    Total Input Jitter      (TIJ):    0.600ns
    Discrete Jitter          (DJ):    0.000ns
    Phase Error              (PE):    0.000ns

    Location             Delay type                Incr(ns)  Path(ns)    Netlist Resource(s)
  -------------------------------------------------------------------    -------------------
                         (clock clk_fpga_0 rise edge)
                                                      0.000     0.000 r  
    PS7_X0Y0             PS7                          0.000     0.000 r  design_1_i/processing_system7_0/inst/PS7_i/FCLKCLK[0]
                         net (fo=1, routed)           1.193     1.193    design_1_i/processing_system7_0/inst/FCLK_CLK_unbuffered[0]
    BUFGCTRL_X0Y16       BUFG (Prop_bufg_I_O)         0.101     1.294 r  design_1_i/processing_system7_0/inst/buffer_fclk_clk_0.FCLK_CLK_0_BUFG/O
                         net (fo=2319, routed)        1.744     3.038    design_1_i/RISCV_EYE_CORE_0/inst/inst_sv_top/core_inst/mem_wb_register_inst/clk
    SLICE_X27Y35         FDCE                                         r  design_1_i/RISCV_EYE_CORE_0/inst/inst_sv_top/core_inst/mem_wb_register_inst/rd_addr_out_reg[1]/C
  -------------------------------------------------------------------    -------------------
    SLICE_X27Y35         FDCE (Prop_fdce_C_Q)         0.419     3.457 r  design_1_i/RISCV_EYE_CORE_0/inst/inst_sv_top/core_inst/mem_wb_register_inst/rd_addr_out_reg[1]/Q
                         net (fo=34, routed)          0.869     4.326    design_1_i/RISCV_EYE_CORE_0/inst/inst_sv_top/core_inst/hazard_unit_inst/rd_addr_wb_in[1]
    SLICE_X28Y35         LUT6 (Prop_lut6_I1_O)        0.299     4.625 r  design_1_i/RISCV_EYE_CORE_0/inst/inst_sv_top/core_inst/hazard_unit_inst/forward_a_select_out[1]_INST_0_i_2/O
                         net (fo=2, routed)           0.831     5.456    design_1_i/RISCV_EYE_CORE_0/inst/inst_sv_top/core_inst/hazard_unit_inst/p_9_in
    SLICE_X27Y35         LUT6 (Prop_lut6_I4_O)        0.124     5.580 r  design_1_i/RISCV_EYE_CORE_0/inst/inst_sv_top/core_inst/hazard_unit_inst/forward_b_select_out[1]_INST_0_i_1/O
                         net (fo=1, routed)           0.427     6.007    design_1_i/RISCV_EYE_CORE_0/inst/inst_sv_top/core_inst/hazard_unit_inst/forward_b_select_out[1]_INST_0_i_1_n_0
    SLICE_X26Y36         LUT2 (Prop_lut2_I0_O)        0.124     6.131 r  design_1_i/RISCV_EYE_CORE_0/inst/inst_sv_top/core_inst/hazard_unit_inst/forward_b_select_out[1]_INST_0/O
                         net (fo=32, routed)          0.786     6.917    design_1_i/RISCV_EYE_CORE_0/inst/inst_sv_top/core_inst/execute_stage_inst/alu_inst/forward_b_select_in[1]
    SLICE_X20Y35         LUT5 (Prop_lut5_I2_O)        0.124     7.041 r  design_1_i/RISCV_EYE_CORE_0/inst/inst_sv_top/core_inst/execute_stage_inst/alu_inst/write_data_out[2]_INST_0/O
                         net (fo=2, routed)           0.931     7.972    design_1_i/RISCV_EYE_CORE_0/inst/inst_sv_top/core_inst/execute_stage_inst/alu_inst/write_data_out[2]
    SLICE_X17Y37         LUT3 (Prop_lut3_I2_O)        0.149     8.121 r  design_1_i/RISCV_EYE_CORE_0/inst/inst_sv_top/core_inst/execute_stage_inst/alu_inst/alu_result_out[2]_INST_0_i_9/O
                         net (fo=119, routed)         1.965    10.086    design_1_i/RISCV_EYE_CORE_0/inst/inst_sv_top/core_inst/execute_stage_inst/alu_inst/alu_src_b_final[2]
    SLICE_X4Y45          LUT6 (Prop_lut6_I1_O)        0.332    10.418 f  design_1_i/RISCV_EYE_CORE_0/inst/inst_sv_top/core_inst/execute_stage_inst/alu_inst/alu_result_out[14]_INST_0_i_14/O
                         net (fo=2, routed)           0.803    11.221    design_1_i/RISCV_EYE_CORE_0/inst/inst_sv_top/core_inst/execute_stage_inst/alu_inst/alu_result_out[14]_INST_0_i_14_n_0
    SLICE_X1Y44          LUT3 (Prop_lut3_I2_O)        0.152    11.373 f  design_1_i/RISCV_EYE_CORE_0/inst/inst_sv_top/core_inst/execute_stage_inst/alu_inst/alu_result_out[11]_INST_0_i_8/O
                         net (fo=2, routed)           0.535    11.908    design_1_i/RISCV_EYE_CORE_0/inst/inst_sv_top/core_inst/execute_stage_inst/alu_inst/alu_result_out[11]_INST_0_i_8_n_0
    SLICE_X0Y44          LUT6 (Prop_lut6_I1_O)        0.332    12.240 f  design_1_i/RISCV_EYE_CORE_0/inst/inst_sv_top/core_inst/execute_stage_inst/alu_inst/alu_result_out[12]_INST_0_i_6/O
                         net (fo=1, routed)           0.574    12.814    design_1_i/RISCV_EYE_CORE_0/inst/inst_sv_top/core_inst/execute_stage_inst/alu_inst/alu_result_out[12]_INST_0_i_6_n_0
    SLICE_X5Y44          LUT6 (Prop_lut6_I5_O)        0.124    12.938 f  design_1_i/RISCV_EYE_CORE_0/inst/inst_sv_top/core_inst/execute_stage_inst/alu_inst/alu_result_out[12]_INST_0_i_1/O
                         net (fo=1, routed)           0.854    13.793    design_1_i/RISCV_EYE_CORE_0/inst/inst_sv_top/core_inst/execute_stage_inst/alu_inst/alu_result_out[12]_INST_0_i_1_n_0
    SLICE_X11Y41         LUT6 (Prop_lut6_I1_O)        0.124    13.917 f  design_1_i/RISCV_EYE_CORE_0/inst/inst_sv_top/core_inst/execute_stage_inst/alu_inst/alu_result_out[12]_INST_0/O
                         net (fo=3, routed)           0.974    14.890    design_1_i/RISCV_EYE_CORE_0/inst/inst_sv_top/core_inst/execute_stage_inst/alu_inst/alu_result_out[12]
    SLICE_X14Y43         LUT6 (Prop_lut6_I5_O)        0.124    15.014 r  design_1_i/RISCV_EYE_CORE_0/inst/inst_sv_top/core_inst/execute_stage_inst/alu_inst/zero_flag_out_INST_0_i_3/O
                         net (fo=1, routed)           0.844    15.859    design_1_i/RISCV_EYE_CORE_0/inst/inst_sv_top/core_inst/execute_stage_inst/alu_inst/zero_flag_out_INST_0_i_3_n_0
    SLICE_X14Y43         LUT6 (Prop_lut6_I2_O)        0.124    15.983 r  design_1_i/RISCV_EYE_CORE_0/inst/inst_sv_top/core_inst/execute_stage_inst/alu_inst/zero_flag_out_INST_0/O
                         net (fo=1, routed)           0.901    16.884    design_1_i/RISCV_EYE_CORE_0/inst/inst_sv_top/core_inst/zero_flag_s_e
    SLICE_X30Y41         LUT3 (Prop_lut3_I0_O)        0.124    17.008 r  design_1_i/RISCV_EYE_CORE_0/inst/inst_sv_top/core_inst/pc_source_execute_s/O
                         net (fo=35, routed)          0.849    17.856    design_1_i/RISCV_EYE_CORE_0/inst/inst_sv_top/core_inst/hazard_unit_inst/pc_src_ex_in
    SLICE_X26Y38         LUT5 (Prop_lut5_I3_O)        0.124    17.980 r  design_1_i/RISCV_EYE_CORE_0/inst/inst_sv_top/core_inst/hazard_unit_inst/clear_id_ex_out_INST_0/O
                         net (fo=190, routed)         0.755    18.736    design_1_i/RISCV_EYE_CORE_0/inst/inst_sv_top/core_inst/id_ex_register_inst/clear_in
    SLICE_X27Y38         LUT2 (Prop_lut2_I0_O)        0.153    18.889 r  design_1_i/RISCV_EYE_CORE_0/inst/inst_sv_top/core_inst/id_ex_register_inst/read_data1_out[31]_i_1/O
                         net (fo=189, routed)         1.278    20.167    design_1_i/RISCV_EYE_CORE_0/inst/inst_sv_top/core_inst/id_ex_register_inst/read_data1_out[31]_i_1_n_0
    SLICE_X17Y45         FDCE                                         r  design_1_i/RISCV_EYE_CORE_0/inst/inst_sv_top/core_inst/id_ex_register_inst/pc_current_out_reg[29]/CE
  -------------------------------------------------------------------    -------------------

                         (clock clk_fpga_0 rise edge)
                                                     20.000    20.000 r  
    PS7_X0Y0             PS7                          0.000    20.000 r  design_1_i/processing_system7_0/inst/PS7_i/FCLKCLK[0]
                         net (fo=1, routed)           1.088    21.088    design_1_i/processing_system7_0/inst/FCLK_CLK_unbuffered[0]
    BUFGCTRL_X0Y16       BUFG (Prop_bufg_I_O)         0.091    21.179 r  design_1_i/processing_system7_0/inst/buffer_fclk_clk_0.FCLK_CLK_0_BUFG/O
                         net (fo=2319, routed)        1.580    22.760    design_1_i/RISCV_EYE_CORE_0/inst/inst_sv_top/core_inst/id_ex_register_inst/clk
    SLICE_X17Y45         FDCE                                         r  design_1_i/RISCV_EYE_CORE_0/inst/inst_sv_top/core_inst/id_ex_register_inst/pc_current_out_reg[29]/C
                         clock pessimism              0.230    22.989    
                         clock uncertainty           -0.302    22.687    
    SLICE_X17Y45         FDCE (Setup_fdce_C_CE)      -0.408    22.279    design_1_i/RISCV_EYE_CORE_0/inst/inst_sv_top/core_inst/id_ex_register_inst/pc_current_out_reg[29]
  -------------------------------------------------------------------
                         required time                         22.279    
                         arrival time                         -20.167    
  -------------------------------------------------------------------
                         slack                                  2.112    

Slack (MET) :             2.112ns  (required time - arrival time)
  Source:                 design_1_i/RISCV_EYE_CORE_0/inst/inst_sv_top/core_inst/mem_wb_register_inst/rd_addr_out_reg[1]/C
                            (rising edge-triggered cell FDCE clocked by clk_fpga_0  {rise@0.000ns fall@10.000ns period=20.000ns})
  Destination:            design_1_i/RISCV_EYE_CORE_0/inst/inst_sv_top/core_inst/id_ex_register_inst/pc_current_out_reg[30]/CE
                            (rising edge-triggered cell FDCE clocked by clk_fpga_0  {rise@0.000ns fall@10.000ns period=20.000ns})
  Path Group:             clk_fpga_0
  Path Type:              Setup (Max at Slow Process Corner)
  Requirement:            20.000ns  (clk_fpga_0 rise@20.000ns - clk_fpga_0 rise@0.000ns)
  Data Path Delay:        17.129ns  (logic 2.952ns (17.234%)  route 14.177ns (82.766%))
  Logic Levels:           15  (LUT2=2 LUT3=3 LUT5=2 LUT6=8)
  Clock Path Skew:        -0.049ns (DCD - SCD + CPR)
    Destination Clock Delay (DCD):    2.759ns = ( 22.760 - 20.000 ) 
    Source Clock Delay      (SCD):    3.038ns
    Clock Pessimism Removal (CPR):    0.230ns
  Clock Uncertainty:      0.302ns  ((TSJ^2 + TIJ^2)^1/2 + DJ) / 2 + PE
    Total System Jitter     (TSJ):    0.071ns
    Total Input Jitter      (TIJ):    0.600ns
    Discrete Jitter          (DJ):    0.000ns
    Phase Error              (PE):    0.000ns

    Location             Delay type                Incr(ns)  Path(ns)    Netlist Resource(s)
  -------------------------------------------------------------------    -------------------
                         (clock clk_fpga_0 rise edge)
                                                      0.000     0.000 r  
    PS7_X0Y0             PS7                          0.000     0.000 r  design_1_i/processing_system7_0/inst/PS7_i/FCLKCLK[0]
                         net (fo=1, routed)           1.193     1.193    design_1_i/processing_system7_0/inst/FCLK_CLK_unbuffered[0]
    BUFGCTRL_X0Y16       BUFG (Prop_bufg_I_O)         0.101     1.294 r  design_1_i/processing_system7_0/inst/buffer_fclk_clk_0.FCLK_CLK_0_BUFG/O
                         net (fo=2319, routed)        1.744     3.038    design_1_i/RISCV_EYE_CORE_0/inst/inst_sv_top/core_inst/mem_wb_register_inst/clk
    SLICE_X27Y35         FDCE                                         r  design_1_i/RISCV_EYE_CORE_0/inst/inst_sv_top/core_inst/mem_wb_register_inst/rd_addr_out_reg[1]/C
  -------------------------------------------------------------------    -------------------
    SLICE_X27Y35         FDCE (Prop_fdce_C_Q)         0.419     3.457 r  design_1_i/RISCV_EYE_CORE_0/inst/inst_sv_top/core_inst/mem_wb_register_inst/rd_addr_out_reg[1]/Q
                         net (fo=34, routed)          0.869     4.326    design_1_i/RISCV_EYE_CORE_0/inst/inst_sv_top/core_inst/hazard_unit_inst/rd_addr_wb_in[1]
    SLICE_X28Y35         LUT6 (Prop_lut6_I1_O)        0.299     4.625 r  design_1_i/RISCV_EYE_CORE_0/inst/inst_sv_top/core_inst/hazard_unit_inst/forward_a_select_out[1]_INST_0_i_2/O
                         net (fo=2, routed)           0.831     5.456    design_1_i/RISCV_EYE_CORE_0/inst/inst_sv_top/core_inst/hazard_unit_inst/p_9_in
    SLICE_X27Y35         LUT6 (Prop_lut6_I4_O)        0.124     5.580 r  design_1_i/RISCV_EYE_CORE_0/inst/inst_sv_top/core_inst/hazard_unit_inst/forward_b_select_out[1]_INST_0_i_1/O
                         net (fo=1, routed)           0.427     6.007    design_1_i/RISCV_EYE_CORE_0/inst/inst_sv_top/core_inst/hazard_unit_inst/forward_b_select_out[1]_INST_0_i_1_n_0
    SLICE_X26Y36         LUT2 (Prop_lut2_I0_O)        0.124     6.131 r  design_1_i/RISCV_EYE_CORE_0/inst/inst_sv_top/core_inst/hazard_unit_inst/forward_b_select_out[1]_INST_0/O
                         net (fo=32, routed)          0.786     6.917    design_1_i/RISCV_EYE_CORE_0/inst/inst_sv_top/core_inst/execute_stage_inst/alu_inst/forward_b_select_in[1]
    SLICE_X20Y35         LUT5 (Prop_lut5_I2_O)        0.124     7.041 r  design_1_i/RISCV_EYE_CORE_0/inst/inst_sv_top/core_inst/execute_stage_inst/alu_inst/write_data_out[2]_INST_0/O
                         net (fo=2, routed)           0.931     7.972    design_1_i/RISCV_EYE_CORE_0/inst/inst_sv_top/core_inst/execute_stage_inst/alu_inst/write_data_out[2]
    SLICE_X17Y37         LUT3 (Prop_lut3_I2_O)        0.149     8.121 r  design_1_i/RISCV_EYE_CORE_0/inst/inst_sv_top/core_inst/execute_stage_inst/alu_inst/alu_result_out[2]_INST_0_i_9/O
                         net (fo=119, routed)         1.965    10.086    design_1_i/RISCV_EYE_CORE_0/inst/inst_sv_top/core_inst/execute_stage_inst/alu_inst/alu_src_b_final[2]
    SLICE_X4Y45          LUT6 (Prop_lut6_I1_O)        0.332    10.418 f  design_1_i/RISCV_EYE_CORE_0/inst/inst_sv_top/core_inst/execute_stage_inst/alu_inst/alu_result_out[14]_INST_0_i_14/O
                         net (fo=2, routed)           0.803    11.221    design_1_i/RISCV_EYE_CORE_0/inst/inst_sv_top/core_inst/execute_stage_inst/alu_inst/alu_result_out[14]_INST_0_i_14_n_0
    SLICE_X1Y44          LUT3 (Prop_lut3_I2_O)        0.152    11.373 f  design_1_i/RISCV_EYE_CORE_0/inst/inst_sv_top/core_inst/execute_stage_inst/alu_inst/alu_result_out[11]_INST_0_i_8/O
                         net (fo=2, routed)           0.535    11.908    design_1_i/RISCV_EYE_CORE_0/inst/inst_sv_top/core_inst/execute_stage_inst/alu_inst/alu_result_out[11]_INST_0_i_8_n_0
    SLICE_X0Y44          LUT6 (Prop_lut6_I1_O)        0.332    12.240 f  design_1_i/RISCV_EYE_CORE_0/inst/inst_sv_top/core_inst/execute_stage_inst/alu_inst/alu_result_out[12]_INST_0_i_6/O
                         net (fo=1, routed)           0.574    12.814    design_1_i/RISCV_EYE_CORE_0/inst/inst_sv_top/core_inst/execute_stage_inst/alu_inst/alu_result_out[12]_INST_0_i_6_n_0
    SLICE_X5Y44          LUT6 (Prop_lut6_I5_O)        0.124    12.938 f  design_1_i/RISCV_EYE_CORE_0/inst/inst_sv_top/core_inst/execute_stage_inst/alu_inst/alu_result_out[12]_INST_0_i_1/O
                         net (fo=1, routed)           0.854    13.793    design_1_i/RISCV_EYE_CORE_0/inst/inst_sv_top/core_inst/execute_stage_inst/alu_inst/alu_result_out[12]_INST_0_i_1_n_0
    SLICE_X11Y41         LUT6 (Prop_lut6_I1_O)        0.124    13.917 f  design_1_i/RISCV_EYE_CORE_0/inst/inst_sv_top/core_inst/execute_stage_inst/alu_inst/alu_result_out[12]_INST_0/O
                         net (fo=3, routed)           0.974    14.890    design_1_i/RISCV_EYE_CORE_0/inst/inst_sv_top/core_inst/execute_stage_inst/alu_inst/alu_result_out[12]
    SLICE_X14Y43         LUT6 (Prop_lut6_I5_O)        0.124    15.014 r  design_1_i/RISCV_EYE_CORE_0/inst/inst_sv_top/core_inst/execute_stage_inst/alu_inst/zero_flag_out_INST_0_i_3/O
                         net (fo=1, routed)           0.844    15.859    design_1_i/RISCV_EYE_CORE_0/inst/inst_sv_top/core_inst/execute_stage_inst/alu_inst/zero_flag_out_INST_0_i_3_n_0
    SLICE_X14Y43         LUT6 (Prop_lut6_I2_O)        0.124    15.983 r  design_1_i/RISCV_EYE_CORE_0/inst/inst_sv_top/core_inst/execute_stage_inst/alu_inst/zero_flag_out_INST_0/O
                         net (fo=1, routed)           0.901    16.884    design_1_i/RISCV_EYE_CORE_0/inst/inst_sv_top/core_inst/zero_flag_s_e
    SLICE_X30Y41         LUT3 (Prop_lut3_I0_O)        0.124    17.008 r  design_1_i/RISCV_EYE_CORE_0/inst/inst_sv_top/core_inst/pc_source_execute_s/O
                         net (fo=35, routed)          0.849    17.856    design_1_i/RISCV_EYE_CORE_0/inst/inst_sv_top/core_inst/hazard_unit_inst/pc_src_ex_in
    SLICE_X26Y38         LUT5 (Prop_lut5_I3_O)        0.124    17.980 r  design_1_i/RISCV_EYE_CORE_0/inst/inst_sv_top/core_inst/hazard_unit_inst/clear_id_ex_out_INST_0/O
                         net (fo=190, routed)         0.755    18.736    design_1_i/RISCV_EYE_CORE_0/inst/inst_sv_top/core_inst/id_ex_register_inst/clear_in
    SLICE_X27Y38         LUT2 (Prop_lut2_I0_O)        0.153    18.889 r  design_1_i/RISCV_EYE_CORE_0/inst/inst_sv_top/core_inst/id_ex_register_inst/read_data1_out[31]_i_1/O
                         net (fo=189, routed)         1.278    20.167    design_1_i/RISCV_EYE_CORE_0/inst/inst_sv_top/core_inst/id_ex_register_inst/read_data1_out[31]_i_1_n_0
    SLICE_X17Y45         FDCE                                         r  design_1_i/RISCV_EYE_CORE_0/inst/inst_sv_top/core_inst/id_ex_register_inst/pc_current_out_reg[30]/CE
  -------------------------------------------------------------------    -------------------

                         (clock clk_fpga_0 rise edge)
                                                     20.000    20.000 r  
    PS7_X0Y0             PS7                          0.000    20.000 r  design_1_i/processing_system7_0/inst/PS7_i/FCLKCLK[0]
                         net (fo=1, routed)           1.088    21.088    design_1_i/processing_system7_0/inst/FCLK_CLK_unbuffered[0]
    BUFGCTRL_X0Y16       BUFG (Prop_bufg_I_O)         0.091    21.179 r  design_1_i/processing_system7_0/inst/buffer_fclk_clk_0.FCLK_CLK_0_BUFG/O
                         net (fo=2319, routed)        1.580    22.760    design_1_i/RISCV_EYE_CORE_0/inst/inst_sv_top/core_inst/id_ex_register_inst/clk
    SLICE_X17Y45         FDCE                                         r  design_1_i/RISCV_EYE_CORE_0/inst/inst_sv_top/core_inst/id_ex_register_inst/pc_current_out_reg[30]/C
                         clock pessimism              0.230    22.989    
                         clock uncertainty           -0.302    22.687    
    SLICE_X17Y45         FDCE (Setup_fdce_C_CE)      -0.408    22.279    design_1_i/RISCV_EYE_CORE_0/inst/inst_sv_top/core_inst/id_ex_register_inst/pc_current_out_reg[30]
  -------------------------------------------------------------------
                         required time                         22.279    
                         arrival time                         -20.167    
  -------------------------------------------------------------------
                         slack                                  2.112    

Slack (MET) :             2.112ns  (required time - arrival time)
  Source:                 design_1_i/RISCV_EYE_CORE_0/inst/inst_sv_top/core_inst/mem_wb_register_inst/rd_addr_out_reg[1]/C
                            (rising edge-triggered cell FDCE clocked by clk_fpga_0  {rise@0.000ns fall@10.000ns period=20.000ns})
  Destination:            design_1_i/RISCV_EYE_CORE_0/inst/inst_sv_top/core_inst/id_ex_register_inst/pc_current_out_reg[31]/CE
                            (rising edge-triggered cell FDCE clocked by clk_fpga_0  {rise@0.000ns fall@10.000ns period=20.000ns})
  Path Group:             clk_fpga_0
  Path Type:              Setup (Max at Slow Process Corner)
  Requirement:            20.000ns  (clk_fpga_0 rise@20.000ns - clk_fpga_0 rise@0.000ns)
  Data Path Delay:        17.129ns  (logic 2.952ns (17.234%)  route 14.177ns (82.766%))
  Logic Levels:           15  (LUT2=2 LUT3=3 LUT5=2 LUT6=8)
  Clock Path Skew:        -0.049ns (DCD - SCD + CPR)
    Destination Clock Delay (DCD):    2.759ns = ( 22.760 - 20.000 ) 
    Source Clock Delay      (SCD):    3.038ns
    Clock Pessimism Removal (CPR):    0.230ns
  Clock Uncertainty:      0.302ns  ((TSJ^2 + TIJ^2)^1/2 + DJ) / 2 + PE
    Total System Jitter     (TSJ):    0.071ns
    Total Input Jitter      (TIJ):    0.600ns
    Discrete Jitter          (DJ):    0.000ns
    Phase Error              (PE):    0.000ns

    Location             Delay type                Incr(ns)  Path(ns)    Netlist Resource(s)
  -------------------------------------------------------------------    -------------------
                         (clock clk_fpga_0 rise edge)
                                                      0.000     0.000 r  
    PS7_X0Y0             PS7                          0.000     0.000 r  design_1_i/processing_system7_0/inst/PS7_i/FCLKCLK[0]
                         net (fo=1, routed)           1.193     1.193    design_1_i/processing_system7_0/inst/FCLK_CLK_unbuffered[0]
    BUFGCTRL_X0Y16       BUFG (Prop_bufg_I_O)         0.101     1.294 r  design_1_i/processing_system7_0/inst/buffer_fclk_clk_0.FCLK_CLK_0_BUFG/O
                         net (fo=2319, routed)        1.744     3.038    design_1_i/RISCV_EYE_CORE_0/inst/inst_sv_top/core_inst/mem_wb_register_inst/clk
    SLICE_X27Y35         FDCE                                         r  design_1_i/RISCV_EYE_CORE_0/inst/inst_sv_top/core_inst/mem_wb_register_inst/rd_addr_out_reg[1]/C
  -------------------------------------------------------------------    -------------------
    SLICE_X27Y35         FDCE (Prop_fdce_C_Q)         0.419     3.457 r  design_1_i/RISCV_EYE_CORE_0/inst/inst_sv_top/core_inst/mem_wb_register_inst/rd_addr_out_reg[1]/Q
                         net (fo=34, routed)          0.869     4.326    design_1_i/RISCV_EYE_CORE_0/inst/inst_sv_top/core_inst/hazard_unit_inst/rd_addr_wb_in[1]
    SLICE_X28Y35         LUT6 (Prop_lut6_I1_O)        0.299     4.625 r  design_1_i/RISCV_EYE_CORE_0/inst/inst_sv_top/core_inst/hazard_unit_inst/forward_a_select_out[1]_INST_0_i_2/O
                         net (fo=2, routed)           0.831     5.456    design_1_i/RISCV_EYE_CORE_0/inst/inst_sv_top/core_inst/hazard_unit_inst/p_9_in
    SLICE_X27Y35         LUT6 (Prop_lut6_I4_O)        0.124     5.580 r  design_1_i/RISCV_EYE_CORE_0/inst/inst_sv_top/core_inst/hazard_unit_inst/forward_b_select_out[1]_INST_0_i_1/O
                         net (fo=1, routed)           0.427     6.007    design_1_i/RISCV_EYE_CORE_0/inst/inst_sv_top/core_inst/hazard_unit_inst/forward_b_select_out[1]_INST_0_i_1_n_0
    SLICE_X26Y36         LUT2 (Prop_lut2_I0_O)        0.124     6.131 r  design_1_i/RISCV_EYE_CORE_0/inst/inst_sv_top/core_inst/hazard_unit_inst/forward_b_select_out[1]_INST_0/O
                         net (fo=32, routed)          0.786     6.917    design_1_i/RISCV_EYE_CORE_0/inst/inst_sv_top/core_inst/execute_stage_inst/alu_inst/forward_b_select_in[1]
    SLICE_X20Y35         LUT5 (Prop_lut5_I2_O)        0.124     7.041 r  design_1_i/RISCV_EYE_CORE_0/inst/inst_sv_top/core_inst/execute_stage_inst/alu_inst/write_data_out[2]_INST_0/O
                         net (fo=2, routed)           0.931     7.972    design_1_i/RISCV_EYE_CORE_0/inst/inst_sv_top/core_inst/execute_stage_inst/alu_inst/write_data_out[2]
    SLICE_X17Y37         LUT3 (Prop_lut3_I2_O)        0.149     8.121 r  design_1_i/RISCV_EYE_CORE_0/inst/inst_sv_top/core_inst/execute_stage_inst/alu_inst/alu_result_out[2]_INST_0_i_9/O
                         net (fo=119, routed)         1.965    10.086    design_1_i/RISCV_EYE_CORE_0/inst/inst_sv_top/core_inst/execute_stage_inst/alu_inst/alu_src_b_final[2]
    SLICE_X4Y45          LUT6 (Prop_lut6_I1_O)        0.332    10.418 f  design_1_i/RISCV_EYE_CORE_0/inst/inst_sv_top/core_inst/execute_stage_inst/alu_inst/alu_result_out[14]_INST_0_i_14/O
                         net (fo=2, routed)           0.803    11.221    design_1_i/RISCV_EYE_CORE_0/inst/inst_sv_top/core_inst/execute_stage_inst/alu_inst/alu_result_out[14]_INST_0_i_14_n_0
    SLICE_X1Y44          LUT3 (Prop_lut3_I2_O)        0.152    11.373 f  design_1_i/RISCV_EYE_CORE_0/inst/inst_sv_top/core_inst/execute_stage_inst/alu_inst/alu_result_out[11]_INST_0_i_8/O
                         net (fo=2, routed)           0.535    11.908    design_1_i/RISCV_EYE_CORE_0/inst/inst_sv_top/core_inst/execute_stage_inst/alu_inst/alu_result_out[11]_INST_0_i_8_n_0
    SLICE_X0Y44          LUT6 (Prop_lut6_I1_O)        0.332    12.240 f  design_1_i/RISCV_EYE_CORE_0/inst/inst_sv_top/core_inst/execute_stage_inst/alu_inst/alu_result_out[12]_INST_0_i_6/O
                         net (fo=1, routed)           0.574    12.814    design_1_i/RISCV_EYE_CORE_0/inst/inst_sv_top/core_inst/execute_stage_inst/alu_inst/alu_result_out[12]_INST_0_i_6_n_0
    SLICE_X5Y44          LUT6 (Prop_lut6_I5_O)        0.124    12.938 f  design_1_i/RISCV_EYE_CORE_0/inst/inst_sv_top/core_inst/execute_stage_inst/alu_inst/alu_result_out[12]_INST_0_i_1/O
                         net (fo=1, routed)           0.854    13.793    design_1_i/RISCV_EYE_CORE_0/inst/inst_sv_top/core_inst/execute_stage_inst/alu_inst/alu_result_out[12]_INST_0_i_1_n_0
    SLICE_X11Y41         LUT6 (Prop_lut6_I1_O)        0.124    13.917 f  design_1_i/RISCV_EYE_CORE_0/inst/inst_sv_top/core_inst/execute_stage_inst/alu_inst/alu_result_out[12]_INST_0/O
                         net (fo=3, routed)           0.974    14.890    design_1_i/RISCV_EYE_CORE_0/inst/inst_sv_top/core_inst/execute_stage_inst/alu_inst/alu_result_out[12]
    SLICE_X14Y43         LUT6 (Prop_lut6_I5_O)        0.124    15.014 r  design_1_i/RISCV_EYE_CORE_0/inst/inst_sv_top/core_inst/execute_stage_inst/alu_inst/zero_flag_out_INST_0_i_3/O
                         net (fo=1, routed)           0.844    15.859    design_1_i/RISCV_EYE_CORE_0/inst/inst_sv_top/core_inst/execute_stage_inst/alu_inst/zero_flag_out_INST_0_i_3_n_0
    SLICE_X14Y43         LUT6 (Prop_lut6_I2_O)        0.124    15.983 r  design_1_i/RISCV_EYE_CORE_0/inst/inst_sv_top/core_inst/execute_stage_inst/alu_inst/zero_flag_out_INST_0/O
                         net (fo=1, routed)           0.901    16.884    design_1_i/RISCV_EYE_CORE_0/inst/inst_sv_top/core_inst/zero_flag_s_e
    SLICE_X30Y41         LUT3 (Prop_lut3_I0_O)        0.124    17.008 r  design_1_i/RISCV_EYE_CORE_0/inst/inst_sv_top/core_inst/pc_source_execute_s/O
                         net (fo=35, routed)          0.849    17.856    design_1_i/RISCV_EYE_CORE_0/inst/inst_sv_top/core_inst/hazard_unit_inst/pc_src_ex_in
    SLICE_X26Y38         LUT5 (Prop_lut5_I3_O)        0.124    17.980 r  design_1_i/RISCV_EYE_CORE_0/inst/inst_sv_top/core_inst/hazard_unit_inst/clear_id_ex_out_INST_0/O
                         net (fo=190, routed)         0.755    18.736    design_1_i/RISCV_EYE_CORE_0/inst/inst_sv_top/core_inst/id_ex_register_inst/clear_in
    SLICE_X27Y38         LUT2 (Prop_lut2_I0_O)        0.153    18.889 r  design_1_i/RISCV_EYE_CORE_0/inst/inst_sv_top/core_inst/id_ex_register_inst/read_data1_out[31]_i_1/O
                         net (fo=189, routed)         1.278    20.167    design_1_i/RISCV_EYE_CORE_0/inst/inst_sv_top/core_inst/id_ex_register_inst/read_data1_out[31]_i_1_n_0
    SLICE_X17Y45         FDCE                                         r  design_1_i/RISCV_EYE_CORE_0/inst/inst_sv_top/core_inst/id_ex_register_inst/pc_current_out_reg[31]/CE
  -------------------------------------------------------------------    -------------------

                         (clock clk_fpga_0 rise edge)
                                                     20.000    20.000 r  
    PS7_X0Y0             PS7                          0.000    20.000 r  design_1_i/processing_system7_0/inst/PS7_i/FCLKCLK[0]
                         net (fo=1, routed)           1.088    21.088    design_1_i/processing_system7_0/inst/FCLK_CLK_unbuffered[0]
    BUFGCTRL_X0Y16       BUFG (Prop_bufg_I_O)         0.091    21.179 r  design_1_i/processing_system7_0/inst/buffer_fclk_clk_0.FCLK_CLK_0_BUFG/O
                         net (fo=2319, routed)        1.580    22.760    design_1_i/RISCV_EYE_CORE_0/inst/inst_sv_top/core_inst/id_ex_register_inst/clk
    SLICE_X17Y45         FDCE                                         r  design_1_i/RISCV_EYE_CORE_0/inst/inst_sv_top/core_inst/id_ex_register_inst/pc_current_out_reg[31]/C
                         clock pessimism              0.230    22.989    
                         clock uncertainty           -0.302    22.687    
    SLICE_X17Y45         FDCE (Setup_fdce_C_CE)      -0.408    22.279    design_1_i/RISCV_EYE_CORE_0/inst/inst_sv_top/core_inst/id_ex_register_inst/pc_current_out_reg[31]
  -------------------------------------------------------------------
                         required time                         22.279    
                         arrival time                         -20.167    
  -------------------------------------------------------------------
                         slack                                  2.112    

Slack (MET) :             2.116ns  (required time - arrival time)
  Source:                 design_1_i/RISCV_EYE_CORE_0/inst/inst_sv_top/core_inst/mem_wb_register_inst/rd_addr_out_reg[1]/C
                            (rising edge-triggered cell FDCE clocked by clk_fpga_0  {rise@0.000ns fall@10.000ns period=20.000ns})
  Destination:            design_1_i/RISCV_EYE_CORE_0/inst/inst_sv_top/core_inst/id_ex_register_inst/alu_op_select_out_reg[0]/CE
                            (rising edge-triggered cell FDCE clocked by clk_fpga_0  {rise@0.000ns fall@10.000ns period=20.000ns})
  Path Group:             clk_fpga_0
  Path Type:              Setup (Max at Slow Process Corner)
  Requirement:            20.000ns  (clk_fpga_0 rise@20.000ns - clk_fpga_0 rise@0.000ns)
  Data Path Delay:        17.123ns  (logic 2.952ns (17.240%)  route 14.171ns (82.760%))
  Logic Levels:           15  (LUT2=2 LUT3=3 LUT5=2 LUT6=8)
  Clock Path Skew:        -0.051ns (DCD - SCD + CPR)
    Destination Clock Delay (DCD):    2.757ns = ( 22.757 - 20.000 ) 
    Source Clock Delay      (SCD):    3.038ns
    Clock Pessimism Removal (CPR):    0.230ns
  Clock Uncertainty:      0.302ns  ((TSJ^2 + TIJ^2)^1/2 + DJ) / 2 + PE
    Total System Jitter     (TSJ):    0.071ns
    Total Input Jitter      (TIJ):    0.600ns
    Discrete Jitter          (DJ):    0.000ns
    Phase Error              (PE):    0.000ns

    Location             Delay type                Incr(ns)  Path(ns)    Netlist Resource(s)
  -------------------------------------------------------------------    -------------------
                         (clock clk_fpga_0 rise edge)
                                                      0.000     0.000 r  
    PS7_X0Y0             PS7                          0.000     0.000 r  design_1_i/processing_system7_0/inst/PS7_i/FCLKCLK[0]
                         net (fo=1, routed)           1.193     1.193    design_1_i/processing_system7_0/inst/FCLK_CLK_unbuffered[0]
    BUFGCTRL_X0Y16       BUFG (Prop_bufg_I_O)         0.101     1.294 r  design_1_i/processing_system7_0/inst/buffer_fclk_clk_0.FCLK_CLK_0_BUFG/O
                         net (fo=2319, routed)        1.744     3.038    design_1_i/RISCV_EYE_CORE_0/inst/inst_sv_top/core_inst/mem_wb_register_inst/clk
    SLICE_X27Y35         FDCE                                         r  design_1_i/RISCV_EYE_CORE_0/inst/inst_sv_top/core_inst/mem_wb_register_inst/rd_addr_out_reg[1]/C
  -------------------------------------------------------------------    -------------------
    SLICE_X27Y35         FDCE (Prop_fdce_C_Q)         0.419     3.457 r  design_1_i/RISCV_EYE_CORE_0/inst/inst_sv_top/core_inst/mem_wb_register_inst/rd_addr_out_reg[1]/Q
                         net (fo=34, routed)          0.869     4.326    design_1_i/RISCV_EYE_CORE_0/inst/inst_sv_top/core_inst/hazard_unit_inst/rd_addr_wb_in[1]
    SLICE_X28Y35         LUT6 (Prop_lut6_I1_O)        0.299     4.625 r  design_1_i/RISCV_EYE_CORE_0/inst/inst_sv_top/core_inst/hazard_unit_inst/forward_a_select_out[1]_INST_0_i_2/O
                         net (fo=2, routed)           0.831     5.456    design_1_i/RISCV_EYE_CORE_0/inst/inst_sv_top/core_inst/hazard_unit_inst/p_9_in
    SLICE_X27Y35         LUT6 (Prop_lut6_I4_O)        0.124     5.580 r  design_1_i/RISCV_EYE_CORE_0/inst/inst_sv_top/core_inst/hazard_unit_inst/forward_b_select_out[1]_INST_0_i_1/O
                         net (fo=1, routed)           0.427     6.007    design_1_i/RISCV_EYE_CORE_0/inst/inst_sv_top/core_inst/hazard_unit_inst/forward_b_select_out[1]_INST_0_i_1_n_0
    SLICE_X26Y36         LUT2 (Prop_lut2_I0_O)        0.124     6.131 r  design_1_i/RISCV_EYE_CORE_0/inst/inst_sv_top/core_inst/hazard_unit_inst/forward_b_select_out[1]_INST_0/O
                         net (fo=32, routed)          0.786     6.917    design_1_i/RISCV_EYE_CORE_0/inst/inst_sv_top/core_inst/execute_stage_inst/alu_inst/forward_b_select_in[1]
    SLICE_X20Y35         LUT5 (Prop_lut5_I2_O)        0.124     7.041 r  design_1_i/RISCV_EYE_CORE_0/inst/inst_sv_top/core_inst/execute_stage_inst/alu_inst/write_data_out[2]_INST_0/O
                         net (fo=2, routed)           0.931     7.972    design_1_i/RISCV_EYE_CORE_0/inst/inst_sv_top/core_inst/execute_stage_inst/alu_inst/write_data_out[2]
    SLICE_X17Y37         LUT3 (Prop_lut3_I2_O)        0.149     8.121 r  design_1_i/RISCV_EYE_CORE_0/inst/inst_sv_top/core_inst/execute_stage_inst/alu_inst/alu_result_out[2]_INST_0_i_9/O
                         net (fo=119, routed)         1.965    10.086    design_1_i/RISCV_EYE_CORE_0/inst/inst_sv_top/core_inst/execute_stage_inst/alu_inst/alu_src_b_final[2]
    SLICE_X4Y45          LUT6 (Prop_lut6_I1_O)        0.332    10.418 f  design_1_i/RISCV_EYE_CORE_0/inst/inst_sv_top/core_inst/execute_stage_inst/alu_inst/alu_result_out[14]_INST_0_i_14/O
                         net (fo=2, routed)           0.803    11.221    design_1_i/RISCV_EYE_CORE_0/inst/inst_sv_top/core_inst/execute_stage_inst/alu_inst/alu_result_out[14]_INST_0_i_14_n_0
    SLICE_X1Y44          LUT3 (Prop_lut3_I2_O)        0.152    11.373 f  design_1_i/RISCV_EYE_CORE_0/inst/inst_sv_top/core_inst/execute_stage_inst/alu_inst/alu_result_out[11]_INST_0_i_8/O
                         net (fo=2, routed)           0.535    11.908    design_1_i/RISCV_EYE_CORE_0/inst/inst_sv_top/core_inst/execute_stage_inst/alu_inst/alu_result_out[11]_INST_0_i_8_n_0
    SLICE_X0Y44          LUT6 (Prop_lut6_I1_O)        0.332    12.240 f  design_1_i/RISCV_EYE_CORE_0/inst/inst_sv_top/core_inst/execute_stage_inst/alu_inst/alu_result_out[12]_INST_0_i_6/O
                         net (fo=1, routed)           0.574    12.814    design_1_i/RISCV_EYE_CORE_0/inst/inst_sv_top/core_inst/execute_stage_inst/alu_inst/alu_result_out[12]_INST_0_i_6_n_0
    SLICE_X5Y44          LUT6 (Prop_lut6_I5_O)        0.124    12.938 f  design_1_i/RISCV_EYE_CORE_0/inst/inst_sv_top/core_inst/execute_stage_inst/alu_inst/alu_result_out[12]_INST_0_i_1/O
                         net (fo=1, routed)           0.854    13.793    design_1_i/RISCV_EYE_CORE_0/inst/inst_sv_top/core_inst/execute_stage_inst/alu_inst/alu_result_out[12]_INST_0_i_1_n_0
    SLICE_X11Y41         LUT6 (Prop_lut6_I1_O)        0.124    13.917 f  design_1_i/RISCV_EYE_CORE_0/inst/inst_sv_top/core_inst/execute_stage_inst/alu_inst/alu_result_out[12]_INST_0/O
                         net (fo=3, routed)           0.974    14.890    design_1_i/RISCV_EYE_CORE_0/inst/inst_sv_top/core_inst/execute_stage_inst/alu_inst/alu_result_out[12]
    SLICE_X14Y43         LUT6 (Prop_lut6_I5_O)        0.124    15.014 r  design_1_i/RISCV_EYE_CORE_0/inst/inst_sv_top/core_inst/execute_stage_inst/alu_inst/zero_flag_out_INST_0_i_3/O
                         net (fo=1, routed)           0.844    15.859    design_1_i/RISCV_EYE_CORE_0/inst/inst_sv_top/core_inst/execute_stage_inst/alu_inst/zero_flag_out_INST_0_i_3_n_0
    SLICE_X14Y43         LUT6 (Prop_lut6_I2_O)        0.124    15.983 r  design_1_i/RISCV_EYE_CORE_0/inst/inst_sv_top/core_inst/execute_stage_inst/alu_inst/zero_flag_out_INST_0/O
                         net (fo=1, routed)           0.901    16.884    design_1_i/RISCV_EYE_CORE_0/inst/inst_sv_top/core_inst/zero_flag_s_e
    SLICE_X30Y41         LUT3 (Prop_lut3_I0_O)        0.124    17.008 r  design_1_i/RISCV_EYE_CORE_0/inst/inst_sv_top/core_inst/pc_source_execute_s/O
                         net (fo=35, routed)          0.849    17.856    design_1_i/RISCV_EYE_CORE_0/inst/inst_sv_top/core_inst/hazard_unit_inst/pc_src_ex_in
    SLICE_X26Y38         LUT5 (Prop_lut5_I3_O)        0.124    17.980 r  design_1_i/RISCV_EYE_CORE_0/inst/inst_sv_top/core_inst/hazard_unit_inst/clear_id_ex_out_INST_0/O
                         net (fo=190, routed)         0.755    18.736    design_1_i/RISCV_EYE_CORE_0/inst/inst_sv_top/core_inst/id_ex_register_inst/clear_in
    SLICE_X27Y38         LUT2 (Prop_lut2_I0_O)        0.153    18.889 r  design_1_i/RISCV_EYE_CORE_0/inst/inst_sv_top/core_inst/id_ex_register_inst/read_data1_out[31]_i_1/O
                         net (fo=189, routed)         1.273    20.161    design_1_i/RISCV_EYE_CORE_0/inst/inst_sv_top/core_inst/id_ex_register_inst/read_data1_out[31]_i_1_n_0
    SLICE_X13Y39         FDCE                                         r  design_1_i/RISCV_EYE_CORE_0/inst/inst_sv_top/core_inst/id_ex_register_inst/alu_op_select_out_reg[0]/CE
  -------------------------------------------------------------------    -------------------

                         (clock clk_fpga_0 rise edge)
                                                     20.000    20.000 r  
    PS7_X0Y0             PS7                          0.000    20.000 r  design_1_i/processing_system7_0/inst/PS7_i/FCLKCLK[0]
                         net (fo=1, routed)           1.088    21.088    design_1_i/processing_system7_0/inst/FCLK_CLK_unbuffered[0]
    BUFGCTRL_X0Y16       BUFG (Prop_bufg_I_O)         0.091    21.179 r  design_1_i/processing_system7_0/inst/buffer_fclk_clk_0.FCLK_CLK_0_BUFG/O
                         net (fo=2319, routed)        1.578    22.757    design_1_i/RISCV_EYE_CORE_0/inst/inst_sv_top/core_inst/id_ex_register_inst/clk
    SLICE_X13Y39         FDCE                                         r  design_1_i/RISCV_EYE_CORE_0/inst/inst_sv_top/core_inst/id_ex_register_inst/alu_op_select_out_reg[0]/C
                         clock pessimism              0.230    22.987    
                         clock uncertainty           -0.302    22.685    
    SLICE_X13Y39         FDCE (Setup_fdce_C_CE)      -0.408    22.277    design_1_i/RISCV_EYE_CORE_0/inst/inst_sv_top/core_inst/id_ex_register_inst/alu_op_select_out_reg[0]
  -------------------------------------------------------------------
                         required time                         22.277    
                         arrival time                         -20.161    
  -------------------------------------------------------------------
                         slack                                  2.116    

Slack (MET) :             2.116ns  (required time - arrival time)
  Source:                 design_1_i/RISCV_EYE_CORE_0/inst/inst_sv_top/core_inst/mem_wb_register_inst/rd_addr_out_reg[1]/C
                            (rising edge-triggered cell FDCE clocked by clk_fpga_0  {rise@0.000ns fall@10.000ns period=20.000ns})
  Destination:            design_1_i/RISCV_EYE_CORE_0/inst/inst_sv_top/core_inst/id_ex_register_inst/alu_op_select_out_reg[1]/CE
                            (rising edge-triggered cell FDCE clocked by clk_fpga_0  {rise@0.000ns fall@10.000ns period=20.000ns})
  Path Group:             clk_fpga_0
  Path Type:              Setup (Max at Slow Process Corner)
  Requirement:            20.000ns  (clk_fpga_0 rise@20.000ns - clk_fpga_0 rise@0.000ns)
  Data Path Delay:        17.123ns  (logic 2.952ns (17.240%)  route 14.171ns (82.760%))
  Logic Levels:           15  (LUT2=2 LUT3=3 LUT5=2 LUT6=8)
  Clock Path Skew:        -0.051ns (DCD - SCD + CPR)
    Destination Clock Delay (DCD):    2.757ns = ( 22.757 - 20.000 ) 
    Source Clock Delay      (SCD):    3.038ns
    Clock Pessimism Removal (CPR):    0.230ns
  Clock Uncertainty:      0.302ns  ((TSJ^2 + TIJ^2)^1/2 + DJ) / 2 + PE
    Total System Jitter     (TSJ):    0.071ns
    Total Input Jitter      (TIJ):    0.600ns
    Discrete Jitter          (DJ):    0.000ns
    Phase Error              (PE):    0.000ns

    Location             Delay type                Incr(ns)  Path(ns)    Netlist Resource(s)
  -------------------------------------------------------------------    -------------------
                         (clock clk_fpga_0 rise edge)
                                                      0.000     0.000 r  
    PS7_X0Y0             PS7                          0.000     0.000 r  design_1_i/processing_system7_0/inst/PS7_i/FCLKCLK[0]
                         net (fo=1, routed)           1.193     1.193    design_1_i/processing_system7_0/inst/FCLK_CLK_unbuffered[0]
    BUFGCTRL_X0Y16       BUFG (Prop_bufg_I_O)         0.101     1.294 r  design_1_i/processing_system7_0/inst/buffer_fclk_clk_0.FCLK_CLK_0_BUFG/O
                         net (fo=2319, routed)        1.744     3.038    design_1_i/RISCV_EYE_CORE_0/inst/inst_sv_top/core_inst/mem_wb_register_inst/clk
    SLICE_X27Y35         FDCE                                         r  design_1_i/RISCV_EYE_CORE_0/inst/inst_sv_top/core_inst/mem_wb_register_inst/rd_addr_out_reg[1]/C
  -------------------------------------------------------------------    -------------------
    SLICE_X27Y35         FDCE (Prop_fdce_C_Q)         0.419     3.457 r  design_1_i/RISCV_EYE_CORE_0/inst/inst_sv_top/core_inst/mem_wb_register_inst/rd_addr_out_reg[1]/Q
                         net (fo=34, routed)          0.869     4.326    design_1_i/RISCV_EYE_CORE_0/inst/inst_sv_top/core_inst/hazard_unit_inst/rd_addr_wb_in[1]
    SLICE_X28Y35         LUT6 (Prop_lut6_I1_O)        0.299     4.625 r  design_1_i/RISCV_EYE_CORE_0/inst/inst_sv_top/core_inst/hazard_unit_inst/forward_a_select_out[1]_INST_0_i_2/O
                         net (fo=2, routed)           0.831     5.456    design_1_i/RISCV_EYE_CORE_0/inst/inst_sv_top/core_inst/hazard_unit_inst/p_9_in
    SLICE_X27Y35         LUT6 (Prop_lut6_I4_O)        0.124     5.580 r  design_1_i/RISCV_EYE_CORE_0/inst/inst_sv_top/core_inst/hazard_unit_inst/forward_b_select_out[1]_INST_0_i_1/O
                         net (fo=1, routed)           0.427     6.007    design_1_i/RISCV_EYE_CORE_0/inst/inst_sv_top/core_inst/hazard_unit_inst/forward_b_select_out[1]_INST_0_i_1_n_0
    SLICE_X26Y36         LUT2 (Prop_lut2_I0_O)        0.124     6.131 r  design_1_i/RISCV_EYE_CORE_0/inst/inst_sv_top/core_inst/hazard_unit_inst/forward_b_select_out[1]_INST_0/O
                         net (fo=32, routed)          0.786     6.917    design_1_i/RISCV_EYE_CORE_0/inst/inst_sv_top/core_inst/execute_stage_inst/alu_inst/forward_b_select_in[1]
    SLICE_X20Y35         LUT5 (Prop_lut5_I2_O)        0.124     7.041 r  design_1_i/RISCV_EYE_CORE_0/inst/inst_sv_top/core_inst/execute_stage_inst/alu_inst/write_data_out[2]_INST_0/O
                         net (fo=2, routed)           0.931     7.972    design_1_i/RISCV_EYE_CORE_0/inst/inst_sv_top/core_inst/execute_stage_inst/alu_inst/write_data_out[2]
    SLICE_X17Y37         LUT3 (Prop_lut3_I2_O)        0.149     8.121 r  design_1_i/RISCV_EYE_CORE_0/inst/inst_sv_top/core_inst/execute_stage_inst/alu_inst/alu_result_out[2]_INST_0_i_9/O
                         net (fo=119, routed)         1.965    10.086    design_1_i/RISCV_EYE_CORE_0/inst/inst_sv_top/core_inst/execute_stage_inst/alu_inst/alu_src_b_final[2]
    SLICE_X4Y45          LUT6 (Prop_lut6_I1_O)        0.332    10.418 f  design_1_i/RISCV_EYE_CORE_0/inst/inst_sv_top/core_inst/execute_stage_inst/alu_inst/alu_result_out[14]_INST_0_i_14/O
                         net (fo=2, routed)           0.803    11.221    design_1_i/RISCV_EYE_CORE_0/inst/inst_sv_top/core_inst/execute_stage_inst/alu_inst/alu_result_out[14]_INST_0_i_14_n_0
    SLICE_X1Y44          LUT3 (Prop_lut3_I2_O)        0.152    11.373 f  design_1_i/RISCV_EYE_CORE_0/inst/inst_sv_top/core_inst/execute_stage_inst/alu_inst/alu_result_out[11]_INST_0_i_8/O
                         net (fo=2, routed)           0.535    11.908    design_1_i/RISCV_EYE_CORE_0/inst/inst_sv_top/core_inst/execute_stage_inst/alu_inst/alu_result_out[11]_INST_0_i_8_n_0
    SLICE_X0Y44          LUT6 (Prop_lut6_I1_O)        0.332    12.240 f  design_1_i/RISCV_EYE_CORE_0/inst/inst_sv_top/core_inst/execute_stage_inst/alu_inst/alu_result_out[12]_INST_0_i_6/O
                         net (fo=1, routed)           0.574    12.814    design_1_i/RISCV_EYE_CORE_0/inst/inst_sv_top/core_inst/execute_stage_inst/alu_inst/alu_result_out[12]_INST_0_i_6_n_0
    SLICE_X5Y44          LUT6 (Prop_lut6_I5_O)        0.124    12.938 f  design_1_i/RISCV_EYE_CORE_0/inst/inst_sv_top/core_inst/execute_stage_inst/alu_inst/alu_result_out[12]_INST_0_i_1/O
                         net (fo=1, routed)           0.854    13.793    design_1_i/RISCV_EYE_CORE_0/inst/inst_sv_top/core_inst/execute_stage_inst/alu_inst/alu_result_out[12]_INST_0_i_1_n_0
    SLICE_X11Y41         LUT6 (Prop_lut6_I1_O)        0.124    13.917 f  design_1_i/RISCV_EYE_CORE_0/inst/inst_sv_top/core_inst/execute_stage_inst/alu_inst/alu_result_out[12]_INST_0/O
                         net (fo=3, routed)           0.974    14.890    design_1_i/RISCV_EYE_CORE_0/inst/inst_sv_top/core_inst/execute_stage_inst/alu_inst/alu_result_out[12]
    SLICE_X14Y43         LUT6 (Prop_lut6_I5_O)        0.124    15.014 r  design_1_i/RISCV_EYE_CORE_0/inst/inst_sv_top/core_inst/execute_stage_inst/alu_inst/zero_flag_out_INST_0_i_3/O
                         net (fo=1, routed)           0.844    15.859    design_1_i/RISCV_EYE_CORE_0/inst/inst_sv_top/core_inst/execute_stage_inst/alu_inst/zero_flag_out_INST_0_i_3_n_0
    SLICE_X14Y43         LUT6 (Prop_lut6_I2_O)        0.124    15.983 r  design_1_i/RISCV_EYE_CORE_0/inst/inst_sv_top/core_inst/execute_stage_inst/alu_inst/zero_flag_out_INST_0/O
                         net (fo=1, routed)           0.901    16.884    design_1_i/RISCV_EYE_CORE_0/inst/inst_sv_top/core_inst/zero_flag_s_e
    SLICE_X30Y41         LUT3 (Prop_lut3_I0_O)        0.124    17.008 r  design_1_i/RISCV_EYE_CORE_0/inst/inst_sv_top/core_inst/pc_source_execute_s/O
                         net (fo=35, routed)          0.849    17.856    design_1_i/RISCV_EYE_CORE_0/inst/inst_sv_top/core_inst/hazard_unit_inst/pc_src_ex_in
    SLICE_X26Y38         LUT5 (Prop_lut5_I3_O)        0.124    17.980 r  design_1_i/RISCV_EYE_CORE_0/inst/inst_sv_top/core_inst/hazard_unit_inst/clear_id_ex_out_INST_0/O
                         net (fo=190, routed)         0.755    18.736    design_1_i/RISCV_EYE_CORE_0/inst/inst_sv_top/core_inst/id_ex_register_inst/clear_in
    SLICE_X27Y38         LUT2 (Prop_lut2_I0_O)        0.153    18.889 r  design_1_i/RISCV_EYE_CORE_0/inst/inst_sv_top/core_inst/id_ex_register_inst/read_data1_out[31]_i_1/O
                         net (fo=189, routed)         1.273    20.161    design_1_i/RISCV_EYE_CORE_0/inst/inst_sv_top/core_inst/id_ex_register_inst/read_data1_out[31]_i_1_n_0
    SLICE_X13Y39         FDCE                                         r  design_1_i/RISCV_EYE_CORE_0/inst/inst_sv_top/core_inst/id_ex_register_inst/alu_op_select_out_reg[1]/CE
  -------------------------------------------------------------------    -------------------

                         (clock clk_fpga_0 rise edge)
                                                     20.000    20.000 r  
    PS7_X0Y0             PS7                          0.000    20.000 r  design_1_i/processing_system7_0/inst/PS7_i/FCLKCLK[0]
                         net (fo=1, routed)           1.088    21.088    design_1_i/processing_system7_0/inst/FCLK_CLK_unbuffered[0]
    BUFGCTRL_X0Y16       BUFG (Prop_bufg_I_O)         0.091    21.179 r  design_1_i/processing_system7_0/inst/buffer_fclk_clk_0.FCLK_CLK_0_BUFG/O
                         net (fo=2319, routed)        1.578    22.757    design_1_i/RISCV_EYE_CORE_0/inst/inst_sv_top/core_inst/id_ex_register_inst/clk
    SLICE_X13Y39         FDCE                                         r  design_1_i/RISCV_EYE_CORE_0/inst/inst_sv_top/core_inst/id_ex_register_inst/alu_op_select_out_reg[1]/C
                         clock pessimism              0.230    22.987    
                         clock uncertainty           -0.302    22.685    
    SLICE_X13Y39         FDCE (Setup_fdce_C_CE)      -0.408    22.277    design_1_i/RISCV_EYE_CORE_0/inst/inst_sv_top/core_inst/id_ex_register_inst/alu_op_select_out_reg[1]
  -------------------------------------------------------------------
                         required time                         22.277    
                         arrival time                         -20.161    
  -------------------------------------------------------------------
                         slack                                  2.116    

Slack (MET) :             2.116ns  (required time - arrival time)
  Source:                 design_1_i/RISCV_EYE_CORE_0/inst/inst_sv_top/core_inst/mem_wb_register_inst/rd_addr_out_reg[1]/C
                            (rising edge-triggered cell FDCE clocked by clk_fpga_0  {rise@0.000ns fall@10.000ns period=20.000ns})
  Destination:            design_1_i/RISCV_EYE_CORE_0/inst/inst_sv_top/core_inst/id_ex_register_inst/read_data1_out_reg[18]/CE
                            (rising edge-triggered cell FDCE clocked by clk_fpga_0  {rise@0.000ns fall@10.000ns period=20.000ns})
  Path Group:             clk_fpga_0
  Path Type:              Setup (Max at Slow Process Corner)
  Requirement:            20.000ns  (clk_fpga_0 rise@20.000ns - clk_fpga_0 rise@0.000ns)
  Data Path Delay:        17.123ns  (logic 2.952ns (17.240%)  route 14.171ns (82.760%))
  Logic Levels:           15  (LUT2=2 LUT3=3 LUT5=2 LUT6=8)
  Clock Path Skew:        -0.051ns (DCD - SCD + CPR)
    Destination Clock Delay (DCD):    2.757ns = ( 22.757 - 20.000 ) 
    Source Clock Delay      (SCD):    3.038ns
    Clock Pessimism Removal (CPR):    0.230ns
  Clock Uncertainty:      0.302ns  ((TSJ^2 + TIJ^2)^1/2 + DJ) / 2 + PE
    Total System Jitter     (TSJ):    0.071ns
    Total Input Jitter      (TIJ):    0.600ns
    Discrete Jitter          (DJ):    0.000ns
    Phase Error              (PE):    0.000ns

    Location             Delay type                Incr(ns)  Path(ns)    Netlist Resource(s)
  -------------------------------------------------------------------    -------------------
                         (clock clk_fpga_0 rise edge)
                                                      0.000     0.000 r  
    PS7_X0Y0             PS7                          0.000     0.000 r  design_1_i/processing_system7_0/inst/PS7_i/FCLKCLK[0]
                         net (fo=1, routed)           1.193     1.193    design_1_i/processing_system7_0/inst/FCLK_CLK_unbuffered[0]
    BUFGCTRL_X0Y16       BUFG (Prop_bufg_I_O)         0.101     1.294 r  design_1_i/processing_system7_0/inst/buffer_fclk_clk_0.FCLK_CLK_0_BUFG/O
                         net (fo=2319, routed)        1.744     3.038    design_1_i/RISCV_EYE_CORE_0/inst/inst_sv_top/core_inst/mem_wb_register_inst/clk
    SLICE_X27Y35         FDCE                                         r  design_1_i/RISCV_EYE_CORE_0/inst/inst_sv_top/core_inst/mem_wb_register_inst/rd_addr_out_reg[1]/C
  -------------------------------------------------------------------    -------------------
    SLICE_X27Y35         FDCE (Prop_fdce_C_Q)         0.419     3.457 r  design_1_i/RISCV_EYE_CORE_0/inst/inst_sv_top/core_inst/mem_wb_register_inst/rd_addr_out_reg[1]/Q
                         net (fo=34, routed)          0.869     4.326    design_1_i/RISCV_EYE_CORE_0/inst/inst_sv_top/core_inst/hazard_unit_inst/rd_addr_wb_in[1]
    SLICE_X28Y35         LUT6 (Prop_lut6_I1_O)        0.299     4.625 r  design_1_i/RISCV_EYE_CORE_0/inst/inst_sv_top/core_inst/hazard_unit_inst/forward_a_select_out[1]_INST_0_i_2/O
                         net (fo=2, routed)           0.831     5.456    design_1_i/RISCV_EYE_CORE_0/inst/inst_sv_top/core_inst/hazard_unit_inst/p_9_in
    SLICE_X27Y35         LUT6 (Prop_lut6_I4_O)        0.124     5.580 r  design_1_i/RISCV_EYE_CORE_0/inst/inst_sv_top/core_inst/hazard_unit_inst/forward_b_select_out[1]_INST_0_i_1/O
                         net (fo=1, routed)           0.427     6.007    design_1_i/RISCV_EYE_CORE_0/inst/inst_sv_top/core_inst/hazard_unit_inst/forward_b_select_out[1]_INST_0_i_1_n_0
    SLICE_X26Y36         LUT2 (Prop_lut2_I0_O)        0.124     6.131 r  design_1_i/RISCV_EYE_CORE_0/inst/inst_sv_top/core_inst/hazard_unit_inst/forward_b_select_out[1]_INST_0/O
                         net (fo=32, routed)          0.786     6.917    design_1_i/RISCV_EYE_CORE_0/inst/inst_sv_top/core_inst/execute_stage_inst/alu_inst/forward_b_select_in[1]
    SLICE_X20Y35         LUT5 (Prop_lut5_I2_O)        0.124     7.041 r  design_1_i/RISCV_EYE_CORE_0/inst/inst_sv_top/core_inst/execute_stage_inst/alu_inst/write_data_out[2]_INST_0/O
                         net (fo=2, routed)           0.931     7.972    design_1_i/RISCV_EYE_CORE_0/inst/inst_sv_top/core_inst/execute_stage_inst/alu_inst/write_data_out[2]
    SLICE_X17Y37         LUT3 (Prop_lut3_I2_O)        0.149     8.121 r  design_1_i/RISCV_EYE_CORE_0/inst/inst_sv_top/core_inst/execute_stage_inst/alu_inst/alu_result_out[2]_INST_0_i_9/O
                         net (fo=119, routed)         1.965    10.086    design_1_i/RISCV_EYE_CORE_0/inst/inst_sv_top/core_inst/execute_stage_inst/alu_inst/alu_src_b_final[2]
    SLICE_X4Y45          LUT6 (Prop_lut6_I1_O)        0.332    10.418 f  design_1_i/RISCV_EYE_CORE_0/inst/inst_sv_top/core_inst/execute_stage_inst/alu_inst/alu_result_out[14]_INST_0_i_14/O
                         net (fo=2, routed)           0.803    11.221    design_1_i/RISCV_EYE_CORE_0/inst/inst_sv_top/core_inst/execute_stage_inst/alu_inst/alu_result_out[14]_INST_0_i_14_n_0
    SLICE_X1Y44          LUT3 (Prop_lut3_I2_O)        0.152    11.373 f  design_1_i/RISCV_EYE_CORE_0/inst/inst_sv_top/core_inst/execute_stage_inst/alu_inst/alu_result_out[11]_INST_0_i_8/O
                         net (fo=2, routed)           0.535    11.908    design_1_i/RISCV_EYE_CORE_0/inst/inst_sv_top/core_inst/execute_stage_inst/alu_inst/alu_result_out[11]_INST_0_i_8_n_0
    SLICE_X0Y44          LUT6 (Prop_lut6_I1_O)        0.332    12.240 f  design_1_i/RISCV_EYE_CORE_0/inst/inst_sv_top/core_inst/execute_stage_inst/alu_inst/alu_result_out[12]_INST_0_i_6/O
                         net (fo=1, routed)           0.574    12.814    design_1_i/RISCV_EYE_CORE_0/inst/inst_sv_top/core_inst/execute_stage_inst/alu_inst/alu_result_out[12]_INST_0_i_6_n_0
    SLICE_X5Y44          LUT6 (Prop_lut6_I5_O)        0.124    12.938 f  design_1_i/RISCV_EYE_CORE_0/inst/inst_sv_top/core_inst/execute_stage_inst/alu_inst/alu_result_out[12]_INST_0_i_1/O
                         net (fo=1, routed)           0.854    13.793    design_1_i/RISCV_EYE_CORE_0/inst/inst_sv_top/core_inst/execute_stage_inst/alu_inst/alu_result_out[12]_INST_0_i_1_n_0
    SLICE_X11Y41         LUT6 (Prop_lut6_I1_O)        0.124    13.917 f  design_1_i/RISCV_EYE_CORE_0/inst/inst_sv_top/core_inst/execute_stage_inst/alu_inst/alu_result_out[12]_INST_0/O
                         net (fo=3, routed)           0.974    14.890    design_1_i/RISCV_EYE_CORE_0/inst/inst_sv_top/core_inst/execute_stage_inst/alu_inst/alu_result_out[12]
    SLICE_X14Y43         LUT6 (Prop_lut6_I5_O)        0.124    15.014 r  design_1_i/RISCV_EYE_CORE_0/inst/inst_sv_top/core_inst/execute_stage_inst/alu_inst/zero_flag_out_INST_0_i_3/O
                         net (fo=1, routed)           0.844    15.859    design_1_i/RISCV_EYE_CORE_0/inst/inst_sv_top/core_inst/execute_stage_inst/alu_inst/zero_flag_out_INST_0_i_3_n_0
    SLICE_X14Y43         LUT6 (Prop_lut6_I2_O)        0.124    15.983 r  design_1_i/RISCV_EYE_CORE_0/inst/inst_sv_top/core_inst/execute_stage_inst/alu_inst/zero_flag_out_INST_0/O
                         net (fo=1, routed)           0.901    16.884    design_1_i/RISCV_EYE_CORE_0/inst/inst_sv_top/core_inst/zero_flag_s_e
    SLICE_X30Y41         LUT3 (Prop_lut3_I0_O)        0.124    17.008 r  design_1_i/RISCV_EYE_CORE_0/inst/inst_sv_top/core_inst/pc_source_execute_s/O
                         net (fo=35, routed)          0.849    17.856    design_1_i/RISCV_EYE_CORE_0/inst/inst_sv_top/core_inst/hazard_unit_inst/pc_src_ex_in
    SLICE_X26Y38         LUT5 (Prop_lut5_I3_O)        0.124    17.980 r  design_1_i/RISCV_EYE_CORE_0/inst/inst_sv_top/core_inst/hazard_unit_inst/clear_id_ex_out_INST_0/O
                         net (fo=190, routed)         0.755    18.736    design_1_i/RISCV_EYE_CORE_0/inst/inst_sv_top/core_inst/id_ex_register_inst/clear_in
    SLICE_X27Y38         LUT2 (Prop_lut2_I0_O)        0.153    18.889 r  design_1_i/RISCV_EYE_CORE_0/inst/inst_sv_top/core_inst/id_ex_register_inst/read_data1_out[31]_i_1/O
                         net (fo=189, routed)         1.273    20.161    design_1_i/RISCV_EYE_CORE_0/inst/inst_sv_top/core_inst/id_ex_register_inst/read_data1_out[31]_i_1_n_0
    SLICE_X13Y39         FDCE                                         r  design_1_i/RISCV_EYE_CORE_0/inst/inst_sv_top/core_inst/id_ex_register_inst/read_data1_out_reg[18]/CE
  -------------------------------------------------------------------    -------------------

                         (clock clk_fpga_0 rise edge)
                                                     20.000    20.000 r  
    PS7_X0Y0             PS7                          0.000    20.000 r  design_1_i/processing_system7_0/inst/PS7_i/FCLKCLK[0]
                         net (fo=1, routed)           1.088    21.088    design_1_i/processing_system7_0/inst/FCLK_CLK_unbuffered[0]
    BUFGCTRL_X0Y16       BUFG (Prop_bufg_I_O)         0.091    21.179 r  design_1_i/processing_system7_0/inst/buffer_fclk_clk_0.FCLK_CLK_0_BUFG/O
                         net (fo=2319, routed)        1.578    22.757    design_1_i/RISCV_EYE_CORE_0/inst/inst_sv_top/core_inst/id_ex_register_inst/clk
    SLICE_X13Y39         FDCE                                         r  design_1_i/RISCV_EYE_CORE_0/inst/inst_sv_top/core_inst/id_ex_register_inst/read_data1_out_reg[18]/C
                         clock pessimism              0.230    22.987    
                         clock uncertainty           -0.302    22.685    
    SLICE_X13Y39         FDCE (Setup_fdce_C_CE)      -0.408    22.277    design_1_i/RISCV_EYE_CORE_0/inst/inst_sv_top/core_inst/id_ex_register_inst/read_data1_out_reg[18]
  -------------------------------------------------------------------
                         required time                         22.277    
                         arrival time                         -20.161    
  -------------------------------------------------------------------
                         slack                                  2.116    

Slack (MET) :             2.116ns  (required time - arrival time)
  Source:                 design_1_i/RISCV_EYE_CORE_0/inst/inst_sv_top/core_inst/mem_wb_register_inst/rd_addr_out_reg[1]/C
                            (rising edge-triggered cell FDCE clocked by clk_fpga_0  {rise@0.000ns fall@10.000ns period=20.000ns})
  Destination:            design_1_i/RISCV_EYE_CORE_0/inst/inst_sv_top/core_inst/id_ex_register_inst/read_data1_out_reg[19]/CE
                            (rising edge-triggered cell FDCE clocked by clk_fpga_0  {rise@0.000ns fall@10.000ns period=20.000ns})
  Path Group:             clk_fpga_0
  Path Type:              Setup (Max at Slow Process Corner)
  Requirement:            20.000ns  (clk_fpga_0 rise@20.000ns - clk_fpga_0 rise@0.000ns)
  Data Path Delay:        17.123ns  (logic 2.952ns (17.240%)  route 14.171ns (82.760%))
  Logic Levels:           15  (LUT2=2 LUT3=3 LUT5=2 LUT6=8)
  Clock Path Skew:        -0.051ns (DCD - SCD + CPR)
    Destination Clock Delay (DCD):    2.757ns = ( 22.757 - 20.000 ) 
    Source Clock Delay      (SCD):    3.038ns
    Clock Pessimism Removal (CPR):    0.230ns
  Clock Uncertainty:      0.302ns  ((TSJ^2 + TIJ^2)^1/2 + DJ) / 2 + PE
    Total System Jitter     (TSJ):    0.071ns
    Total Input Jitter      (TIJ):    0.600ns
    Discrete Jitter          (DJ):    0.000ns
    Phase Error              (PE):    0.000ns

    Location             Delay type                Incr(ns)  Path(ns)    Netlist Resource(s)
  -------------------------------------------------------------------    -------------------
                         (clock clk_fpga_0 rise edge)
                                                      0.000     0.000 r  
    PS7_X0Y0             PS7                          0.000     0.000 r  design_1_i/processing_system7_0/inst/PS7_i/FCLKCLK[0]
                         net (fo=1, routed)           1.193     1.193    design_1_i/processing_system7_0/inst/FCLK_CLK_unbuffered[0]
    BUFGCTRL_X0Y16       BUFG (Prop_bufg_I_O)         0.101     1.294 r  design_1_i/processing_system7_0/inst/buffer_fclk_clk_0.FCLK_CLK_0_BUFG/O
                         net (fo=2319, routed)        1.744     3.038    design_1_i/RISCV_EYE_CORE_0/inst/inst_sv_top/core_inst/mem_wb_register_inst/clk
    SLICE_X27Y35         FDCE                                         r  design_1_i/RISCV_EYE_CORE_0/inst/inst_sv_top/core_inst/mem_wb_register_inst/rd_addr_out_reg[1]/C
  -------------------------------------------------------------------    -------------------
    SLICE_X27Y35         FDCE (Prop_fdce_C_Q)         0.419     3.457 r  design_1_i/RISCV_EYE_CORE_0/inst/inst_sv_top/core_inst/mem_wb_register_inst/rd_addr_out_reg[1]/Q
                         net (fo=34, routed)          0.869     4.326    design_1_i/RISCV_EYE_CORE_0/inst/inst_sv_top/core_inst/hazard_unit_inst/rd_addr_wb_in[1]
    SLICE_X28Y35         LUT6 (Prop_lut6_I1_O)        0.299     4.625 r  design_1_i/RISCV_EYE_CORE_0/inst/inst_sv_top/core_inst/hazard_unit_inst/forward_a_select_out[1]_INST_0_i_2/O
                         net (fo=2, routed)           0.831     5.456    design_1_i/RISCV_EYE_CORE_0/inst/inst_sv_top/core_inst/hazard_unit_inst/p_9_in
    SLICE_X27Y35         LUT6 (Prop_lut6_I4_O)        0.124     5.580 r  design_1_i/RISCV_EYE_CORE_0/inst/inst_sv_top/core_inst/hazard_unit_inst/forward_b_select_out[1]_INST_0_i_1/O
                         net (fo=1, routed)           0.427     6.007    design_1_i/RISCV_EYE_CORE_0/inst/inst_sv_top/core_inst/hazard_unit_inst/forward_b_select_out[1]_INST_0_i_1_n_0
    SLICE_X26Y36         LUT2 (Prop_lut2_I0_O)        0.124     6.131 r  design_1_i/RISCV_EYE_CORE_0/inst/inst_sv_top/core_inst/hazard_unit_inst/forward_b_select_out[1]_INST_0/O
                         net (fo=32, routed)          0.786     6.917    design_1_i/RISCV_EYE_CORE_0/inst/inst_sv_top/core_inst/execute_stage_inst/alu_inst/forward_b_select_in[1]
    SLICE_X20Y35         LUT5 (Prop_lut5_I2_O)        0.124     7.041 r  design_1_i/RISCV_EYE_CORE_0/inst/inst_sv_top/core_inst/execute_stage_inst/alu_inst/write_data_out[2]_INST_0/O
                         net (fo=2, routed)           0.931     7.972    design_1_i/RISCV_EYE_CORE_0/inst/inst_sv_top/core_inst/execute_stage_inst/alu_inst/write_data_out[2]
    SLICE_X17Y37         LUT3 (Prop_lut3_I2_O)        0.149     8.121 r  design_1_i/RISCV_EYE_CORE_0/inst/inst_sv_top/core_inst/execute_stage_inst/alu_inst/alu_result_out[2]_INST_0_i_9/O
                         net (fo=119, routed)         1.965    10.086    design_1_i/RISCV_EYE_CORE_0/inst/inst_sv_top/core_inst/execute_stage_inst/alu_inst/alu_src_b_final[2]
    SLICE_X4Y45          LUT6 (Prop_lut6_I1_O)        0.332    10.418 f  design_1_i/RISCV_EYE_CORE_0/inst/inst_sv_top/core_inst/execute_stage_inst/alu_inst/alu_result_out[14]_INST_0_i_14/O
                         net (fo=2, routed)           0.803    11.221    design_1_i/RISCV_EYE_CORE_0/inst/inst_sv_top/core_inst/execute_stage_inst/alu_inst/alu_result_out[14]_INST_0_i_14_n_0
    SLICE_X1Y44          LUT3 (Prop_lut3_I2_O)        0.152    11.373 f  design_1_i/RISCV_EYE_CORE_0/inst/inst_sv_top/core_inst/execute_stage_inst/alu_inst/alu_result_out[11]_INST_0_i_8/O
                         net (fo=2, routed)           0.535    11.908    design_1_i/RISCV_EYE_CORE_0/inst/inst_sv_top/core_inst/execute_stage_inst/alu_inst/alu_result_out[11]_INST_0_i_8_n_0
    SLICE_X0Y44          LUT6 (Prop_lut6_I1_O)        0.332    12.240 f  design_1_i/RISCV_EYE_CORE_0/inst/inst_sv_top/core_inst/execute_stage_inst/alu_inst/alu_result_out[12]_INST_0_i_6/O
                         net (fo=1, routed)           0.574    12.814    design_1_i/RISCV_EYE_CORE_0/inst/inst_sv_top/core_inst/execute_stage_inst/alu_inst/alu_result_out[12]_INST_0_i_6_n_0
    SLICE_X5Y44          LUT6 (Prop_lut6_I5_O)        0.124    12.938 f  design_1_i/RISCV_EYE_CORE_0/inst/inst_sv_top/core_inst/execute_stage_inst/alu_inst/alu_result_out[12]_INST_0_i_1/O
                         net (fo=1, routed)           0.854    13.793    design_1_i/RISCV_EYE_CORE_0/inst/inst_sv_top/core_inst/execute_stage_inst/alu_inst/alu_result_out[12]_INST_0_i_1_n_0
    SLICE_X11Y41         LUT6 (Prop_lut6_I1_O)        0.124    13.917 f  design_1_i/RISCV_EYE_CORE_0/inst/inst_sv_top/core_inst/execute_stage_inst/alu_inst/alu_result_out[12]_INST_0/O
                         net (fo=3, routed)           0.974    14.890    design_1_i/RISCV_EYE_CORE_0/inst/inst_sv_top/core_inst/execute_stage_inst/alu_inst/alu_result_out[12]
    SLICE_X14Y43         LUT6 (Prop_lut6_I5_O)        0.124    15.014 r  design_1_i/RISCV_EYE_CORE_0/inst/inst_sv_top/core_inst/execute_stage_inst/alu_inst/zero_flag_out_INST_0_i_3/O
                         net (fo=1, routed)           0.844    15.859    design_1_i/RISCV_EYE_CORE_0/inst/inst_sv_top/core_inst/execute_stage_inst/alu_inst/zero_flag_out_INST_0_i_3_n_0
    SLICE_X14Y43         LUT6 (Prop_lut6_I2_O)        0.124    15.983 r  design_1_i/RISCV_EYE_CORE_0/inst/inst_sv_top/core_inst/execute_stage_inst/alu_inst/zero_flag_out_INST_0/O
                         net (fo=1, routed)           0.901    16.884    design_1_i/RISCV_EYE_CORE_0/inst/inst_sv_top/core_inst/zero_flag_s_e
    SLICE_X30Y41         LUT3 (Prop_lut3_I0_O)        0.124    17.008 r  design_1_i/RISCV_EYE_CORE_0/inst/inst_sv_top/core_inst/pc_source_execute_s/O
                         net (fo=35, routed)          0.849    17.856    design_1_i/RISCV_EYE_CORE_0/inst/inst_sv_top/core_inst/hazard_unit_inst/pc_src_ex_in
    SLICE_X26Y38         LUT5 (Prop_lut5_I3_O)        0.124    17.980 r  design_1_i/RISCV_EYE_CORE_0/inst/inst_sv_top/core_inst/hazard_unit_inst/clear_id_ex_out_INST_0/O
                         net (fo=190, routed)         0.755    18.736    design_1_i/RISCV_EYE_CORE_0/inst/inst_sv_top/core_inst/id_ex_register_inst/clear_in
    SLICE_X27Y38         LUT2 (Prop_lut2_I0_O)        0.153    18.889 r  design_1_i/RISCV_EYE_CORE_0/inst/inst_sv_top/core_inst/id_ex_register_inst/read_data1_out[31]_i_1/O
                         net (fo=189, routed)         1.273    20.161    design_1_i/RISCV_EYE_CORE_0/inst/inst_sv_top/core_inst/id_ex_register_inst/read_data1_out[31]_i_1_n_0
    SLICE_X13Y39         FDCE                                         r  design_1_i/RISCV_EYE_CORE_0/inst/inst_sv_top/core_inst/id_ex_register_inst/read_data1_out_reg[19]/CE
  -------------------------------------------------------------------    -------------------

                         (clock clk_fpga_0 rise edge)
                                                     20.000    20.000 r  
    PS7_X0Y0             PS7                          0.000    20.000 r  design_1_i/processing_system7_0/inst/PS7_i/FCLKCLK[0]
                         net (fo=1, routed)           1.088    21.088    design_1_i/processing_system7_0/inst/FCLK_CLK_unbuffered[0]
    BUFGCTRL_X0Y16       BUFG (Prop_bufg_I_O)         0.091    21.179 r  design_1_i/processing_system7_0/inst/buffer_fclk_clk_0.FCLK_CLK_0_BUFG/O
                         net (fo=2319, routed)        1.578    22.757    design_1_i/RISCV_EYE_CORE_0/inst/inst_sv_top/core_inst/id_ex_register_inst/clk
    SLICE_X13Y39         FDCE                                         r  design_1_i/RISCV_EYE_CORE_0/inst/inst_sv_top/core_inst/id_ex_register_inst/read_data1_out_reg[19]/C
                         clock pessimism              0.230    22.987    
                         clock uncertainty           -0.302    22.685    
    SLICE_X13Y39         FDCE (Setup_fdce_C_CE)      -0.408    22.277    design_1_i/RISCV_EYE_CORE_0/inst/inst_sv_top/core_inst/id_ex_register_inst/read_data1_out_reg[19]
  -------------------------------------------------------------------
                         required time                         22.277    
                         arrival time                         -20.161    
  -------------------------------------------------------------------
                         slack                                  2.116    





Min Delay Paths
--------------------------------------------------------------------------------------
Slack (MET) :             0.050ns  (arrival time - required time)
  Source:                 design_1_i/axi_master_adapter_0/inst/m_axi_wdata_reg[11]/C
                            (rising edge-triggered cell FDRE clocked by clk_fpga_0  {rise@0.000ns fall@10.000ns period=20.000ns})
  Destination:            design_1_i/axi_mem_intercon/s00_couplers/auto_us/inst/gen_upsizer.gen_full_upsizer.axi_upsizer_inst/USE_WRITE.gen_non_fifo_w_upsizer.write_data_inst/WORD_LANE[0].USE_ALWAYS_PACKER.BYTE_LANE[1].USE_RTL_DATA.USE_REGISTER.M_AXI_WDATA_I_reg[11]/D
                            (rising edge-triggered cell FDRE clocked by clk_fpga_0  {rise@0.000ns fall@10.000ns period=20.000ns})
  Path Group:             clk_fpga_0
  Path Type:              Hold (Min at Fast Process Corner)
  Requirement:            0.000ns  (clk_fpga_0 rise@0.000ns - clk_fpga_0 rise@0.000ns)
  Data Path Delay:        0.424ns  (logic 0.186ns (43.906%)  route 0.238ns (56.094%))
  Logic Levels:           1  (LUT2=1)
  Clock Path Skew:        0.253ns (DCD - SCD - CPR)
    Destination Clock Delay (DCD):    1.210ns
    Source Clock Delay      (SCD):    0.927ns
    Clock Pessimism Removal (CPR):    0.030ns

    Location             Delay type                Incr(ns)  Path(ns)    Netlist Resource(s)
  -------------------------------------------------------------------    -------------------
                         (clock clk_fpga_0 rise edge)
                                                      0.000     0.000 r  
    PS7_X0Y0             PS7                          0.000     0.000 r  design_1_i/processing_system7_0/inst/PS7_i/FCLKCLK[0]
                         net (fo=1, routed)           0.310     0.310    design_1_i/processing_system7_0/inst/FCLK_CLK_unbuffered[0]
    BUFGCTRL_X0Y16       BUFG (Prop_bufg_I_O)         0.026     0.336 r  design_1_i/processing_system7_0/inst/buffer_fclk_clk_0.FCLK_CLK_0_BUFG/O
                         net (fo=2319, routed)        0.591     0.927    design_1_i/axi_master_adapter_0/inst/clk
    SLICE_X25Y45         FDRE                                         r  design_1_i/axi_master_adapter_0/inst/m_axi_wdata_reg[11]/C
  -------------------------------------------------------------------    -------------------
    SLICE_X25Y45         FDRE (Prop_fdre_C_Q)         0.141     1.067 r  design_1_i/axi_master_adapter_0/inst/m_axi_wdata_reg[11]/Q
                         net (fo=2, routed)           0.238     1.305    design_1_i/axi_mem_intercon/s00_couplers/auto_us/inst/gen_upsizer.gen_full_upsizer.axi_upsizer_inst/USE_WRITE.gen_non_fifo_w_upsizer.write_data_inst/s_axi_wdata[11]
    SLICE_X26Y50         LUT2 (Prop_lut2_I0_O)        0.045     1.350 r  design_1_i/axi_mem_intercon/s00_couplers/auto_us/inst/gen_upsizer.gen_full_upsizer.axi_upsizer_inst/USE_WRITE.gen_non_fifo_w_upsizer.write_data_inst/WORD_LANE[0].USE_ALWAYS_PACKER.BYTE_LANE[1].USE_RTL_DATA.USE_REGISTER.M_AXI_WDATA_I[11]_i_1/O
                         net (fo=1, routed)           0.000     1.350    design_1_i/axi_mem_intercon/s00_couplers/auto_us/inst/gen_upsizer.gen_full_upsizer.axi_upsizer_inst/USE_WRITE.gen_non_fifo_w_upsizer.write_data_inst/WORD_LANE[0].USE_ALWAYS_PACKER.BYTE_LANE[1].USE_RTL_DATA.USE_REGISTER.M_AXI_WDATA_I[11]_i_1_n_0
    SLICE_X26Y50         FDRE                                         r  design_1_i/axi_mem_intercon/s00_couplers/auto_us/inst/gen_upsizer.gen_full_upsizer.axi_upsizer_inst/USE_WRITE.gen_non_fifo_w_upsizer.write_data_inst/WORD_LANE[0].USE_ALWAYS_PACKER.BYTE_LANE[1].USE_RTL_DATA.USE_REGISTER.M_AXI_WDATA_I_reg[11]/D
  -------------------------------------------------------------------    -------------------

                         (clock clk_fpga_0 rise edge)
                                                      0.000     0.000 r  
    PS7_X0Y0             PS7                          0.000     0.000 r  design_1_i/processing_system7_0/inst/PS7_i/FCLKCLK[0]
                         net (fo=1, routed)           0.337     0.337    design_1_i/processing_system7_0/inst/FCLK_CLK_unbuffered[0]
    BUFGCTRL_X0Y16       BUFG (Prop_bufg_I_O)         0.029     0.366 r  design_1_i/processing_system7_0/inst/buffer_fclk_clk_0.FCLK_CLK_0_BUFG/O
                         net (fo=2319, routed)        0.844     1.210    design_1_i/axi_mem_intercon/s00_couplers/auto_us/inst/gen_upsizer.gen_full_upsizer.axi_upsizer_inst/USE_WRITE.gen_non_fifo_w_upsizer.write_data_inst/out
    SLICE_X26Y50         FDRE                                         r  design_1_i/axi_mem_intercon/s00_couplers/auto_us/inst/gen_upsizer.gen_full_upsizer.axi_upsizer_inst/USE_WRITE.gen_non_fifo_w_upsizer.write_data_inst/WORD_LANE[0].USE_ALWAYS_PACKER.BYTE_LANE[1].USE_RTL_DATA.USE_REGISTER.M_AXI_WDATA_I_reg[11]/C
                         clock pessimism             -0.030     1.180    
    SLICE_X26Y50         FDRE (Hold_fdre_C_D)         0.120     1.300    design_1_i/axi_mem_intercon/s00_couplers/auto_us/inst/gen_upsizer.gen_full_upsizer.axi_upsizer_inst/USE_WRITE.gen_non_fifo_w_upsizer.write_data_inst/WORD_LANE[0].USE_ALWAYS_PACKER.BYTE_LANE[1].USE_RTL_DATA.USE_REGISTER.M_AXI_WDATA_I_reg[11]
  -------------------------------------------------------------------
                         required time                         -1.300    
                         arrival time                           1.350    
  -------------------------------------------------------------------
                         slack                                  0.050    

Slack (MET) :             0.065ns  (arrival time - required time)
  Source:                 design_1_i/RISCV_EYE_CORE_0/inst/inst_sv_top/core_inst/ex_mem_register_inst/write_data_out_reg[9]/C
                            (rising edge-triggered cell FDCE clocked by clk_fpga_0  {rise@0.000ns fall@10.000ns period=20.000ns})
  Destination:            <hidden>
                            (rising edge-triggered cell RAMB36E1 clocked by clk_fpga_0  {rise@0.000ns fall@10.000ns period=20.000ns})
  Path Group:             clk_fpga_0
  Path Type:              Hold (Min at Fast Process Corner)
  Requirement:            0.000ns  (clk_fpga_0 rise@0.000ns - clk_fpga_0 rise@0.000ns)
  Data Path Delay:        0.388ns  (logic 0.128ns (33.014%)  route 0.260ns (66.986%))
  Logic Levels:           0  
  Clock Path Skew:        0.079ns (DCD - SCD - CPR)
    Destination Clock Delay (DCD):    1.270ns
    Source Clock Delay      (SCD):    0.928ns
    Clock Pessimism Removal (CPR):    0.263ns

    Location             Delay type                Incr(ns)  Path(ns)    Netlist Resource(s)
  -------------------------------------------------------------------    -------------------
                         (clock clk_fpga_0 rise edge)
                                                      0.000     0.000 r  
    PS7_X0Y0             PS7                          0.000     0.000 r  design_1_i/processing_system7_0/inst/PS7_i/FCLKCLK[0]
                         net (fo=1, routed)           0.310     0.310    design_1_i/processing_system7_0/inst/FCLK_CLK_unbuffered[0]
    BUFGCTRL_X0Y16       BUFG (Prop_bufg_I_O)         0.026     0.336 r  design_1_i/processing_system7_0/inst/buffer_fclk_clk_0.FCLK_CLK_0_BUFG/O
                         net (fo=2319, routed)        0.592     0.928    design_1_i/RISCV_EYE_CORE_0/inst/inst_sv_top/core_inst/ex_mem_register_inst/clk
    SLICE_X21Y37         FDCE                                         r  design_1_i/RISCV_EYE_CORE_0/inst/inst_sv_top/core_inst/ex_mem_register_inst/write_data_out_reg[9]/C
  -------------------------------------------------------------------    -------------------
    SLICE_X21Y37         FDCE (Prop_fdce_C_Q)         0.128     1.056 r  design_1_i/RISCV_EYE_CORE_0/inst/inst_sv_top/core_inst/ex_mem_register_inst/write_data_out_reg[9]/Q
                         net (fo=2, routed)           0.260     1.315    <hidden>
    RAMB36_X1Y8          RAMB36E1                                     r  <hidden>
  -------------------------------------------------------------------    -------------------

                         (clock clk_fpga_0 rise edge)
                                                      0.000     0.000 r  
    PS7_X0Y0             PS7                          0.000     0.000 r  design_1_i/processing_system7_0/inst/PS7_i/FCLKCLK[0]
                         net (fo=1, routed)           0.337     0.337    design_1_i/processing_system7_0/inst/FCLK_CLK_unbuffered[0]
    BUFGCTRL_X0Y16       BUFG (Prop_bufg_I_O)         0.029     0.366 r  design_1_i/processing_system7_0/inst/buffer_fclk_clk_0.FCLK_CLK_0_BUFG/O
                         net (fo=2319, routed)        0.904     1.270    <hidden>
    RAMB36_X1Y8          RAMB36E1                                     r  <hidden>
                         clock pessimism             -0.263     1.007    
    RAMB36_X1Y8          RAMB36E1 (Hold_ramb36e1_CLKBWRCLK_DIBDI[9])
                                                      0.243     1.250    <hidden>
  -------------------------------------------------------------------
                         required time                         -1.250    
                         arrival time                           1.315    
  -------------------------------------------------------------------
                         slack                                  0.065    

Slack (MET) :             0.066ns  (arrival time - required time)
  Source:                 design_1_i/axi_master_adapter_0/inst/m_axi_awaddr_reg[26]/C
                            (rising edge-triggered cell FDRE clocked by clk_fpga_0  {rise@0.000ns fall@10.000ns period=20.000ns})
  Destination:            design_1_i/axi_mem_intercon/s00_couplers/auto_pc/inst/gen_axi4_axi3.axi3_conv_inst/USE_WRITE.write_addr_inst/S_AXI_AADDR_Q_reg[26]/D
                            (rising edge-triggered cell FDRE clocked by clk_fpga_0  {rise@0.000ns fall@10.000ns period=20.000ns})
  Path Group:             clk_fpga_0
  Path Type:              Hold (Min at Fast Process Corner)
  Requirement:            0.000ns  (clk_fpga_0 rise@0.000ns - clk_fpga_0 rise@0.000ns)
  Data Path Delay:        0.394ns  (logic 0.141ns (35.801%)  route 0.253ns (64.199%))
  Logic Levels:           0  
  Clock Path Skew:        0.251ns (DCD - SCD - CPR)
    Destination Clock Delay (DCD):    1.209ns
    Source Clock Delay      (SCD):    0.928ns
    Clock Pessimism Removal (CPR):    0.030ns

    Location             Delay type                Incr(ns)  Path(ns)    Netlist Resource(s)
  -------------------------------------------------------------------    -------------------
                         (clock clk_fpga_0 rise edge)
                                                      0.000     0.000 r  
    PS7_X0Y0             PS7                          0.000     0.000 r  design_1_i/processing_system7_0/inst/PS7_i/FCLKCLK[0]
                         net (fo=1, routed)           0.310     0.310    design_1_i/processing_system7_0/inst/FCLK_CLK_unbuffered[0]
    BUFGCTRL_X0Y16       BUFG (Prop_bufg_I_O)         0.026     0.336 r  design_1_i/processing_system7_0/inst/buffer_fclk_clk_0.FCLK_CLK_0_BUFG/O
                         net (fo=2319, routed)        0.592     0.928    design_1_i/axi_master_adapter_0/inst/clk
    SLICE_X25Y48         FDRE                                         r  design_1_i/axi_master_adapter_0/inst/m_axi_awaddr_reg[26]/C
  -------------------------------------------------------------------    -------------------
    SLICE_X25Y48         FDRE (Prop_fdre_C_Q)         0.141     1.069 r  design_1_i/axi_master_adapter_0/inst/m_axi_awaddr_reg[26]/Q
                         net (fo=1, routed)           0.253     1.321    design_1_i/axi_mem_intercon/s00_couplers/auto_pc/inst/gen_axi4_axi3.axi3_conv_inst/USE_WRITE.write_addr_inst/s_axi_awaddr[26]
    SLICE_X26Y53         FDRE                                         r  design_1_i/axi_mem_intercon/s00_couplers/auto_pc/inst/gen_axi4_axi3.axi3_conv_inst/USE_WRITE.write_addr_inst/S_AXI_AADDR_Q_reg[26]/D
  -------------------------------------------------------------------    -------------------

                         (clock clk_fpga_0 rise edge)
                                                      0.000     0.000 r  
    PS7_X0Y0             PS7                          0.000     0.000 r  design_1_i/processing_system7_0/inst/PS7_i/FCLKCLK[0]
                         net (fo=1, routed)           0.337     0.337    design_1_i/processing_system7_0/inst/FCLK_CLK_unbuffered[0]
    BUFGCTRL_X0Y16       BUFG (Prop_bufg_I_O)         0.029     0.366 r  design_1_i/processing_system7_0/inst/buffer_fclk_clk_0.FCLK_CLK_0_BUFG/O
                         net (fo=2319, routed)        0.843     1.209    design_1_i/axi_mem_intercon/s00_couplers/auto_pc/inst/gen_axi4_axi3.axi3_conv_inst/USE_WRITE.write_addr_inst/aclk
    SLICE_X26Y53         FDRE                                         r  design_1_i/axi_mem_intercon/s00_couplers/auto_pc/inst/gen_axi4_axi3.axi3_conv_inst/USE_WRITE.write_addr_inst/S_AXI_AADDR_Q_reg[26]/C
                         clock pessimism             -0.030     1.179    
    SLICE_X26Y53         FDRE (Hold_fdre_C_D)         0.076     1.255    design_1_i/axi_mem_intercon/s00_couplers/auto_pc/inst/gen_axi4_axi3.axi3_conv_inst/USE_WRITE.write_addr_inst/S_AXI_AADDR_Q_reg[26]
  -------------------------------------------------------------------
                         required time                         -1.255    
                         arrival time                           1.321    
  -------------------------------------------------------------------
                         slack                                  0.066    

Slack (MET) :             0.068ns  (arrival time - required time)
  Source:                 <hidden>
                            (rising edge-triggered cell FDCE clocked by clk_fpga_0  {rise@0.000ns fall@10.000ns period=20.000ns})
  Destination:            <hidden>
                            (rising edge-triggered cell RAMD32 clocked by clk_fpga_0  {rise@0.000ns fall@10.000ns period=20.000ns})
  Path Group:             clk_fpga_0
  Path Type:              Hold (Min at Fast Process Corner)
  Requirement:            0.000ns  (clk_fpga_0 rise@0.000ns - clk_fpga_0 rise@0.000ns)
  Data Path Delay:        0.394ns  (logic 0.141ns (35.775%)  route 0.253ns (64.224%))
  Logic Levels:           0  
  Clock Path Skew:        0.016ns (DCD - SCD - CPR)
    Destination Clock Delay (DCD):    1.223ns
    Source Clock Delay      (SCD):    0.925ns
    Clock Pessimism Removal (CPR):    0.282ns

    Location             Delay type                Incr(ns)  Path(ns)    Netlist Resource(s)
  -------------------------------------------------------------------    -------------------
                         (clock clk_fpga_0 rise edge)
                                                      0.000     0.000 r  
    PS7_X0Y0             PS7                          0.000     0.000 r  design_1_i/processing_system7_0/inst/PS7_i/FCLKCLK[0]
                         net (fo=1, routed)           0.310     0.310    design_1_i/processing_system7_0/inst/FCLK_CLK_unbuffered[0]
    BUFGCTRL_X0Y16       BUFG (Prop_bufg_I_O)         0.026     0.336 r  design_1_i/processing_system7_0/inst/buffer_fclk_clk_0.FCLK_CLK_0_BUFG/O
                         net (fo=2319, routed)        0.589     0.925    <hidden>
    SLICE_X28Y42         FDCE                                         r  <hidden>
  -------------------------------------------------------------------    -------------------
    SLICE_X28Y42         FDCE (Prop_fdce_C_Q)         0.141     1.066 r  <hidden>
                         net (fo=5, routed)           0.253     1.319    <hidden>
    SLICE_X30Y41         RAMD32                                       r  <hidden>
  -------------------------------------------------------------------    -------------------

                         (clock clk_fpga_0 rise edge)
                                                      0.000     0.000 r  
    PS7_X0Y0             PS7                          0.000     0.000 r  design_1_i/processing_system7_0/inst/PS7_i/FCLKCLK[0]
                         net (fo=1, routed)           0.337     0.337    design_1_i/processing_system7_0/inst/FCLK_CLK_unbuffered[0]
    BUFGCTRL_X0Y16       BUFG (Prop_bufg_I_O)         0.029     0.366 r  design_1_i/processing_system7_0/inst/buffer_fclk_clk_0.FCLK_CLK_0_BUFG/O
                         net (fo=2319, routed)        0.857     1.223    <hidden>
    SLICE_X30Y41         RAMD32                                       r  <hidden>
                         clock pessimism             -0.282     0.941    
    SLICE_X30Y41         RAMD32 (Hold_ramd32_CLK_WADR0)
                                                      0.310     1.251    <hidden>
  -------------------------------------------------------------------
                         required time                         -1.251    
                         arrival time                           1.319    
  -------------------------------------------------------------------
                         slack                                  0.068    

Slack (MET) :             0.068ns  (arrival time - required time)
  Source:                 <hidden>
                            (rising edge-triggered cell FDCE clocked by clk_fpga_0  {rise@0.000ns fall@10.000ns period=20.000ns})
  Destination:            <hidden>
                            (rising edge-triggered cell RAMD32 clocked by clk_fpga_0  {rise@0.000ns fall@10.000ns period=20.000ns})
  Path Group:             clk_fpga_0
  Path Type:              Hold (Min at Fast Process Corner)
  Requirement:            0.000ns  (clk_fpga_0 rise@0.000ns - clk_fpga_0 rise@0.000ns)
  Data Path Delay:        0.394ns  (logic 0.141ns (35.775%)  route 0.253ns (64.224%))
  Logic Levels:           0  
  Clock Path Skew:        0.016ns (DCD - SCD - CPR)
    Destination Clock Delay (DCD):    1.223ns
    Source Clock Delay      (SCD):    0.925ns
    Clock Pessimism Removal (CPR):    0.282ns

    Location             Delay type                Incr(ns)  Path(ns)    Netlist Resource(s)
  -------------------------------------------------------------------    -------------------
                         (clock clk_fpga_0 rise edge)
                                                      0.000     0.000 r  
    PS7_X0Y0             PS7                          0.000     0.000 r  design_1_i/processing_system7_0/inst/PS7_i/FCLKCLK[0]
                         net (fo=1, routed)           0.310     0.310    design_1_i/processing_system7_0/inst/FCLK_CLK_unbuffered[0]
    BUFGCTRL_X0Y16       BUFG (Prop_bufg_I_O)         0.026     0.336 r  design_1_i/processing_system7_0/inst/buffer_fclk_clk_0.FCLK_CLK_0_BUFG/O
                         net (fo=2319, routed)        0.589     0.925    <hidden>
    SLICE_X28Y42         FDCE                                         r  <hidden>
  -------------------------------------------------------------------    -------------------
    SLICE_X28Y42         FDCE (Prop_fdce_C_Q)         0.141     1.066 r  <hidden>
                         net (fo=5, routed)           0.253     1.319    <hidden>
    SLICE_X30Y41         RAMD32                                       r  <hidden>
  -------------------------------------------------------------------    -------------------

                         (clock clk_fpga_0 rise edge)
                                                      0.000     0.000 r  
    PS7_X0Y0             PS7                          0.000     0.000 r  design_1_i/processing_system7_0/inst/PS7_i/FCLKCLK[0]
                         net (fo=1, routed)           0.337     0.337    design_1_i/processing_system7_0/inst/FCLK_CLK_unbuffered[0]
    BUFGCTRL_X0Y16       BUFG (Prop_bufg_I_O)         0.029     0.366 r  design_1_i/processing_system7_0/inst/buffer_fclk_clk_0.FCLK_CLK_0_BUFG/O
                         net (fo=2319, routed)        0.857     1.223    <hidden>
    SLICE_X30Y41         RAMD32                                       r  <hidden>
                         clock pessimism             -0.282     0.941    
    SLICE_X30Y41         RAMD32 (Hold_ramd32_CLK_WADR0)
                                                      0.310     1.251    <hidden>
  -------------------------------------------------------------------
                         required time                         -1.251    
                         arrival time                           1.319    
  -------------------------------------------------------------------
                         slack                                  0.068    

Slack (MET) :             0.089ns  (arrival time - required time)
  Source:                 design_1_i/RISCV_EYE_CORE_0/inst/inst_sv_top/core_inst/ex_mem_register_inst/write_data_out_reg[6]/C
                            (rising edge-triggered cell FDCE clocked by clk_fpga_0  {rise@0.000ns fall@10.000ns period=20.000ns})
  Destination:            <hidden>
                            (rising edge-triggered cell RAMB36E1 clocked by clk_fpga_0  {rise@0.000ns fall@10.000ns period=20.000ns})
  Path Group:             clk_fpga_0
  Path Type:              Hold (Min at Fast Process Corner)
  Requirement:            0.000ns  (clk_fpga_0 rise@0.000ns - clk_fpga_0 rise@0.000ns)
  Data Path Delay:        0.464ns  (logic 0.141ns (30.373%)  route 0.323ns (69.627%))
  Logic Levels:           0  
  Clock Path Skew:        0.079ns (DCD - SCD - CPR)
    Destination Clock Delay (DCD):    1.270ns
    Source Clock Delay      (SCD):    0.928ns
    Clock Pessimism Removal (CPR):    0.263ns

    Location             Delay type                Incr(ns)  Path(ns)    Netlist Resource(s)
  -------------------------------------------------------------------    -------------------
                         (clock clk_fpga_0 rise edge)
                                                      0.000     0.000 r  
    PS7_X0Y0             PS7                          0.000     0.000 r  design_1_i/processing_system7_0/inst/PS7_i/FCLKCLK[0]
                         net (fo=1, routed)           0.310     0.310    design_1_i/processing_system7_0/inst/FCLK_CLK_unbuffered[0]
    BUFGCTRL_X0Y16       BUFG (Prop_bufg_I_O)         0.026     0.336 r  design_1_i/processing_system7_0/inst/buffer_fclk_clk_0.FCLK_CLK_0_BUFG/O
                         net (fo=2319, routed)        0.592     0.928    design_1_i/RISCV_EYE_CORE_0/inst/inst_sv_top/core_inst/ex_mem_register_inst/clk
    SLICE_X17Y37         FDCE                                         r  design_1_i/RISCV_EYE_CORE_0/inst/inst_sv_top/core_inst/ex_mem_register_inst/write_data_out_reg[6]/C
  -------------------------------------------------------------------    -------------------
    SLICE_X17Y37         FDCE (Prop_fdce_C_Q)         0.141     1.069 r  design_1_i/RISCV_EYE_CORE_0/inst/inst_sv_top/core_inst/ex_mem_register_inst/write_data_out_reg[6]/Q
                         net (fo=2, routed)           0.323     1.392    <hidden>
    RAMB36_X1Y8          RAMB36E1                                     r  <hidden>
  -------------------------------------------------------------------    -------------------

                         (clock clk_fpga_0 rise edge)
                                                      0.000     0.000 r  
    PS7_X0Y0             PS7                          0.000     0.000 r  design_1_i/processing_system7_0/inst/PS7_i/FCLKCLK[0]
                         net (fo=1, routed)           0.337     0.337    design_1_i/processing_system7_0/inst/FCLK_CLK_unbuffered[0]
    BUFGCTRL_X0Y16       BUFG (Prop_bufg_I_O)         0.029     0.366 r  design_1_i/processing_system7_0/inst/buffer_fclk_clk_0.FCLK_CLK_0_BUFG/O
                         net (fo=2319, routed)        0.904     1.270    <hidden>
    RAMB36_X1Y8          RAMB36E1                                     r  <hidden>
                         clock pessimism             -0.263     1.007    
    RAMB36_X1Y8          RAMB36E1 (Hold_ramb36e1_CLKBWRCLK_DIBDI[6])
                                                      0.296     1.303    <hidden>
  -------------------------------------------------------------------
                         required time                         -1.303    
                         arrival time                           1.392    
  -------------------------------------------------------------------
                         slack                                  0.089    

Slack (MET) :             0.093ns  (arrival time - required time)
  Source:                 design_1_i/axi_master_adapter_0/inst/m_axi_wdata_reg[10]/C
                            (rising edge-triggered cell FDRE clocked by clk_fpga_0  {rise@0.000ns fall@10.000ns period=20.000ns})
  Destination:            design_1_i/axi_mem_intercon/s00_couplers/auto_us/inst/gen_upsizer.gen_full_upsizer.axi_upsizer_inst/USE_WRITE.gen_non_fifo_w_upsizer.write_data_inst/WORD_LANE[1].USE_ALWAYS_PACKER.BYTE_LANE[1].USE_RTL_DATA.USE_REGISTER.M_AXI_WDATA_I_reg[42]/D
                            (rising edge-triggered cell FDRE clocked by clk_fpga_0  {rise@0.000ns fall@10.000ns period=20.000ns})
  Path Group:             clk_fpga_0
  Path Type:              Hold (Min at Fast Process Corner)
  Requirement:            0.000ns  (clk_fpga_0 rise@0.000ns - clk_fpga_0 rise@0.000ns)
  Data Path Delay:        0.436ns  (logic 0.186ns (42.669%)  route 0.250ns (57.331%))
  Logic Levels:           1  (LUT2=1)
  Clock Path Skew:        0.252ns (DCD - SCD - CPR)
    Destination Clock Delay (DCD):    1.210ns
    Source Clock Delay      (SCD):    0.928ns
    Clock Pessimism Removal (CPR):    0.030ns

    Location             Delay type                Incr(ns)  Path(ns)    Netlist Resource(s)
  -------------------------------------------------------------------    -------------------
                         (clock clk_fpga_0 rise edge)
                                                      0.000     0.000 r  
    PS7_X0Y0             PS7                          0.000     0.000 r  design_1_i/processing_system7_0/inst/PS7_i/FCLKCLK[0]
                         net (fo=1, routed)           0.310     0.310    design_1_i/processing_system7_0/inst/FCLK_CLK_unbuffered[0]
    BUFGCTRL_X0Y16       BUFG (Prop_bufg_I_O)         0.026     0.336 r  design_1_i/processing_system7_0/inst/buffer_fclk_clk_0.FCLK_CLK_0_BUFG/O
                         net (fo=2319, routed)        0.592     0.928    design_1_i/axi_master_adapter_0/inst/clk
    SLICE_X25Y48         FDRE                                         r  design_1_i/axi_master_adapter_0/inst/m_axi_wdata_reg[10]/C
  -------------------------------------------------------------------    -------------------
    SLICE_X25Y48         FDRE (Prop_fdre_C_Q)         0.141     1.069 r  design_1_i/axi_master_adapter_0/inst/m_axi_wdata_reg[10]/Q
                         net (fo=2, routed)           0.250     1.318    design_1_i/axi_mem_intercon/s00_couplers/auto_us/inst/gen_upsizer.gen_full_upsizer.axi_upsizer_inst/USE_WRITE.gen_non_fifo_w_upsizer.write_data_inst/s_axi_wdata[10]
    SLICE_X27Y51         LUT2 (Prop_lut2_I0_O)        0.045     1.363 r  design_1_i/axi_mem_intercon/s00_couplers/auto_us/inst/gen_upsizer.gen_full_upsizer.axi_upsizer_inst/USE_WRITE.gen_non_fifo_w_upsizer.write_data_inst/WORD_LANE[1].USE_ALWAYS_PACKER.BYTE_LANE[1].USE_RTL_DATA.USE_REGISTER.M_AXI_WDATA_I[42]_i_1/O
                         net (fo=1, routed)           0.000     1.363    design_1_i/axi_mem_intercon/s00_couplers/auto_us/inst/gen_upsizer.gen_full_upsizer.axi_upsizer_inst/USE_WRITE.gen_non_fifo_w_upsizer.write_data_inst/WORD_LANE[1].USE_ALWAYS_PACKER.BYTE_LANE[1].USE_RTL_DATA.USE_REGISTER.M_AXI_WDATA_I[42]_i_1_n_0
    SLICE_X27Y51         FDRE                                         r  design_1_i/axi_mem_intercon/s00_couplers/auto_us/inst/gen_upsizer.gen_full_upsizer.axi_upsizer_inst/USE_WRITE.gen_non_fifo_w_upsizer.write_data_inst/WORD_LANE[1].USE_ALWAYS_PACKER.BYTE_LANE[1].USE_RTL_DATA.USE_REGISTER.M_AXI_WDATA_I_reg[42]/D
  -------------------------------------------------------------------    -------------------

                         (clock clk_fpga_0 rise edge)
                                                      0.000     0.000 r  
    PS7_X0Y0             PS7                          0.000     0.000 r  design_1_i/processing_system7_0/inst/PS7_i/FCLKCLK[0]
                         net (fo=1, routed)           0.337     0.337    design_1_i/processing_system7_0/inst/FCLK_CLK_unbuffered[0]
    BUFGCTRL_X0Y16       BUFG (Prop_bufg_I_O)         0.029     0.366 r  design_1_i/processing_system7_0/inst/buffer_fclk_clk_0.FCLK_CLK_0_BUFG/O
                         net (fo=2319, routed)        0.844     1.210    design_1_i/axi_mem_intercon/s00_couplers/auto_us/inst/gen_upsizer.gen_full_upsizer.axi_upsizer_inst/USE_WRITE.gen_non_fifo_w_upsizer.write_data_inst/out
    SLICE_X27Y51         FDRE                                         r  design_1_i/axi_mem_intercon/s00_couplers/auto_us/inst/gen_upsizer.gen_full_upsizer.axi_upsizer_inst/USE_WRITE.gen_non_fifo_w_upsizer.write_data_inst/WORD_LANE[1].USE_ALWAYS_PACKER.BYTE_LANE[1].USE_RTL_DATA.USE_REGISTER.M_AXI_WDATA_I_reg[42]/C
                         clock pessimism             -0.030     1.180    
    SLICE_X27Y51         FDRE (Hold_fdre_C_D)         0.091     1.271    design_1_i/axi_mem_intercon/s00_couplers/auto_us/inst/gen_upsizer.gen_full_upsizer.axi_upsizer_inst/USE_WRITE.gen_non_fifo_w_upsizer.write_data_inst/WORD_LANE[1].USE_ALWAYS_PACKER.BYTE_LANE[1].USE_RTL_DATA.USE_REGISTER.M_AXI_WDATA_I_reg[42]
  -------------------------------------------------------------------
                         required time                         -1.271    
                         arrival time                           1.363    
  -------------------------------------------------------------------
                         slack                                  0.093    

Slack (MET) :             0.095ns  (arrival time - required time)
  Source:                 design_1_i/RISCV_EYE_CORE_0/inst/inst_sv_top/core_inst/ex_mem_register_inst/write_data_out_reg[22]/C
                            (rising edge-triggered cell FDCE clocked by clk_fpga_0  {rise@0.000ns fall@10.000ns period=20.000ns})
  Destination:            <hidden>
                            (rising edge-triggered cell RAMB36E1 clocked by clk_fpga_0  {rise@0.000ns fall@10.000ns period=20.000ns})
  Path Group:             clk_fpga_0
  Path Type:              Hold (Min at Fast Process Corner)
  Requirement:            0.000ns  (clk_fpga_0 rise@0.000ns - clk_fpga_0 rise@0.000ns)
  Data Path Delay:        0.467ns  (logic 0.164ns (35.116%)  route 0.303ns (64.884%))
  Logic Levels:           0  
  Clock Path Skew:        0.076ns (DCD - SCD - CPR)
    Destination Clock Delay (DCD):    1.270ns
    Source Clock Delay      (SCD):    0.931ns
    Clock Pessimism Removal (CPR):    0.263ns

    Location             Delay type                Incr(ns)  Path(ns)    Netlist Resource(s)
  -------------------------------------------------------------------    -------------------
                         (clock clk_fpga_0 rise edge)
                                                      0.000     0.000 r  
    PS7_X0Y0             PS7                          0.000     0.000 r  design_1_i/processing_system7_0/inst/PS7_i/FCLKCLK[0]
                         net (fo=1, routed)           0.310     0.310    design_1_i/processing_system7_0/inst/FCLK_CLK_unbuffered[0]
    BUFGCTRL_X0Y16       BUFG (Prop_bufg_I_O)         0.026     0.336 r  design_1_i/processing_system7_0/inst/buffer_fclk_clk_0.FCLK_CLK_0_BUFG/O
                         net (fo=2319, routed)        0.595     0.931    design_1_i/RISCV_EYE_CORE_0/inst/inst_sv_top/core_inst/ex_mem_register_inst/clk
    SLICE_X20Y44         FDCE                                         r  design_1_i/RISCV_EYE_CORE_0/inst/inst_sv_top/core_inst/ex_mem_register_inst/write_data_out_reg[22]/C
  -------------------------------------------------------------------    -------------------
    SLICE_X20Y44         FDCE (Prop_fdce_C_Q)         0.164     1.095 r  design_1_i/RISCV_EYE_CORE_0/inst/inst_sv_top/core_inst/ex_mem_register_inst/write_data_out_reg[22]/Q
                         net (fo=2, routed)           0.303     1.398    <hidden>
    RAMB36_X1Y8          RAMB36E1                                     r  <hidden>
  -------------------------------------------------------------------    -------------------

                         (clock clk_fpga_0 rise edge)
                                                      0.000     0.000 r  
    PS7_X0Y0             PS7                          0.000     0.000 r  design_1_i/processing_system7_0/inst/PS7_i/FCLKCLK[0]
                         net (fo=1, routed)           0.337     0.337    design_1_i/processing_system7_0/inst/FCLK_CLK_unbuffered[0]
    BUFGCTRL_X0Y16       BUFG (Prop_bufg_I_O)         0.029     0.366 r  design_1_i/processing_system7_0/inst/buffer_fclk_clk_0.FCLK_CLK_0_BUFG/O
                         net (fo=2319, routed)        0.904     1.270    <hidden>
    RAMB36_X1Y8          RAMB36E1                                     r  <hidden>
                         clock pessimism             -0.263     1.007    
    RAMB36_X1Y8          RAMB36E1 (Hold_ramb36e1_CLKBWRCLK_DIBDI[22])
                                                      0.296     1.303    <hidden>
  -------------------------------------------------------------------
                         required time                         -1.303    
                         arrival time                           1.398    
  -------------------------------------------------------------------
                         slack                                  0.095    

Slack (MET) :             0.099ns  (arrival time - required time)
  Source:                 design_1_i/RISCV_EYE_CORE_0/inst/inst_sv_top/core_inst/ex_mem_register_inst/write_data_out_reg[17]/C
                            (rising edge-triggered cell FDCE clocked by clk_fpga_0  {rise@0.000ns fall@10.000ns period=20.000ns})
  Destination:            <hidden>
                            (rising edge-triggered cell RAMB36E1 clocked by clk_fpga_0  {rise@0.000ns fall@10.000ns period=20.000ns})
  Path Group:             clk_fpga_0
  Path Type:              Hold (Min at Fast Process Corner)
  Requirement:            0.000ns  (clk_fpga_0 rise@0.000ns - clk_fpga_0 rise@0.000ns)
  Data Path Delay:        0.419ns  (logic 0.148ns (35.322%)  route 0.271ns (64.678%))
  Logic Levels:           0  
  Clock Path Skew:        0.077ns (DCD - SCD - CPR)
    Destination Clock Delay (DCD):    1.270ns
    Source Clock Delay      (SCD):    0.930ns
    Clock Pessimism Removal (CPR):    0.263ns

    Location             Delay type                Incr(ns)  Path(ns)    Netlist Resource(s)
  -------------------------------------------------------------------    -------------------
                         (clock clk_fpga_0 rise edge)
                                                      0.000     0.000 r  
    PS7_X0Y0             PS7                          0.000     0.000 r  design_1_i/processing_system7_0/inst/PS7_i/FCLKCLK[0]
                         net (fo=1, routed)           0.310     0.310    design_1_i/processing_system7_0/inst/FCLK_CLK_unbuffered[0]
    BUFGCTRL_X0Y16       BUFG (Prop_bufg_I_O)         0.026     0.336 r  design_1_i/processing_system7_0/inst/buffer_fclk_clk_0.FCLK_CLK_0_BUFG/O
                         net (fo=2319, routed)        0.594     0.930    design_1_i/RISCV_EYE_CORE_0/inst/inst_sv_top/core_inst/ex_mem_register_inst/clk
    SLICE_X20Y40         FDCE                                         r  design_1_i/RISCV_EYE_CORE_0/inst/inst_sv_top/core_inst/ex_mem_register_inst/write_data_out_reg[17]/C
  -------------------------------------------------------------------    -------------------
    SLICE_X20Y40         FDCE (Prop_fdce_C_Q)         0.148     1.078 r  design_1_i/RISCV_EYE_CORE_0/inst/inst_sv_top/core_inst/ex_mem_register_inst/write_data_out_reg[17]/Q
                         net (fo=2, routed)           0.271     1.349    <hidden>
    RAMB36_X1Y8          RAMB36E1                                     r  <hidden>
  -------------------------------------------------------------------    -------------------

                         (clock clk_fpga_0 rise edge)
                                                      0.000     0.000 r  
    PS7_X0Y0             PS7                          0.000     0.000 r  design_1_i/processing_system7_0/inst/PS7_i/FCLKCLK[0]
                         net (fo=1, routed)           0.337     0.337    design_1_i/processing_system7_0/inst/FCLK_CLK_unbuffered[0]
    BUFGCTRL_X0Y16       BUFG (Prop_bufg_I_O)         0.029     0.366 r  design_1_i/processing_system7_0/inst/buffer_fclk_clk_0.FCLK_CLK_0_BUFG/O
                         net (fo=2319, routed)        0.904     1.270    <hidden>
    RAMB36_X1Y8          RAMB36E1                                     r  <hidden>
                         clock pessimism             -0.263     1.007    
    RAMB36_X1Y8          RAMB36E1 (Hold_ramb36e1_CLKBWRCLK_DIBDI[17])
                                                      0.243     1.250    <hidden>
  -------------------------------------------------------------------
                         required time                         -1.250    
                         arrival time                           1.349    
  -------------------------------------------------------------------
                         slack                                  0.099    

Slack (MET) :             0.100ns  (arrival time - required time)
  Source:                 <hidden>
                            (rising edge-triggered cell FDCE clocked by clk_fpga_0  {rise@0.000ns fall@10.000ns period=20.000ns})
  Destination:            <hidden>
                            (rising edge-triggered cell RAMD32 clocked by clk_fpga_0  {rise@0.000ns fall@10.000ns period=20.000ns})
  Path Group:             clk_fpga_0
  Path Type:              Hold (Min at Fast Process Corner)
  Requirement:            0.000ns  (clk_fpga_0 rise@0.000ns - clk_fpga_0 rise@0.000ns)
  Data Path Delay:        0.425ns  (logic 0.164ns (38.620%)  route 0.261ns (61.380%))
  Logic Levels:           0  
  Clock Path Skew:        0.015ns (DCD - SCD - CPR)
    Destination Clock Delay (DCD):    1.190ns
    Source Clock Delay      (SCD):    0.893ns
    Clock Pessimism Removal (CPR):    0.282ns

    Location             Delay type                Incr(ns)  Path(ns)    Netlist Resource(s)
  -------------------------------------------------------------------    -------------------
                         (clock clk_fpga_0 rise edge)
                                                      0.000     0.000 r  
    PS7_X0Y0             PS7                          0.000     0.000 r  design_1_i/processing_system7_0/inst/PS7_i/FCLKCLK[0]
                         net (fo=1, routed)           0.310     0.310    design_1_i/processing_system7_0/inst/FCLK_CLK_unbuffered[0]
    BUFGCTRL_X0Y16       BUFG (Prop_bufg_I_O)         0.026     0.336 r  design_1_i/processing_system7_0/inst/buffer_fclk_clk_0.FCLK_CLK_0_BUFG/O
                         net (fo=2319, routed)        0.557     0.893    <hidden>
    SLICE_X36Y52         FDCE                                         r  <hidden>
  -------------------------------------------------------------------    -------------------
    SLICE_X36Y52         FDCE (Prop_fdce_C_Q)         0.164     1.057 r  <hidden>
                         net (fo=10, routed)          0.261     1.317    <hidden>
    SLICE_X38Y53         RAMD32                                       r  <hidden>
  -------------------------------------------------------------------    -------------------

                         (clock clk_fpga_0 rise edge)
                                                      0.000     0.000 r  
    PS7_X0Y0             PS7                          0.000     0.000 r  design_1_i/processing_system7_0/inst/PS7_i/FCLKCLK[0]
                         net (fo=1, routed)           0.337     0.337    design_1_i/processing_system7_0/inst/FCLK_CLK_unbuffered[0]
    BUFGCTRL_X0Y16       BUFG (Prop_bufg_I_O)         0.029     0.366 r  design_1_i/processing_system7_0/inst/buffer_fclk_clk_0.FCLK_CLK_0_BUFG/O
                         net (fo=2319, routed)        0.824     1.190    <hidden>
    SLICE_X38Y53         RAMD32                                       r  <hidden>
                         clock pessimism             -0.282     0.908    
    SLICE_X38Y53         RAMD32 (Hold_ramd32_CLK_WADR0)
                                                      0.310     1.218    <hidden>
  -------------------------------------------------------------------
                         required time                         -1.218    
                         arrival time                           1.317    
  -------------------------------------------------------------------
                         slack                                  0.100    





Pulse Width Checks
--------------------------------------------------------------------------------------
Clock Name:         clk_fpga_0
Waveform(ns):       { 0.000 10.000 }
Period(ns):         20.000
Sources:            { design_1_i/processing_system7_0/inst/PS7_i/FCLKCLK[0] }

Check Type        Corner  Lib Pin             Reference Pin  Required(ns)  Actual(ns)  Slack(ns)  Location        Pin
Min Period        n/a     RAMB36E1/CLKARDCLK  n/a            2.576         20.000      17.424     RAMB36_X1Y8     <hidden>
Min Period        n/a     RAMB36E1/CLKBWRCLK  n/a            2.576         20.000      17.424     RAMB36_X1Y8     <hidden>
Min Period        n/a     BUFG/I              n/a            2.155         20.000      17.845     BUFGCTRL_X0Y16  design_1_i/processing_system7_0/inst/buffer_fclk_clk_0.FCLK_CLK_0_BUFG/I
Min Period        n/a     FDCE/C              n/a            1.000         20.000      19.000     SLICE_X6Y37     design_1_i/RISCV_EYE_CORE_0/inst/inst_sv_top/core_inst/decode_stage_inst/register_file_inst/registers_reg[10][0]/C
Min Period        n/a     FDCE/C              n/a            1.000         20.000      19.000     SLICE_X10Y29    design_1_i/RISCV_EYE_CORE_0/inst/inst_sv_top/core_inst/decode_stage_inst/register_file_inst/registers_reg[10][10]/C
Min Period        n/a     FDCE/C              n/a            1.000         20.000      19.000     SLICE_X18Y28    design_1_i/RISCV_EYE_CORE_0/inst/inst_sv_top/core_inst/decode_stage_inst/register_file_inst/registers_reg[10][11]/C
Min Period        n/a     FDCE/C              n/a            1.000         20.000      19.000     SLICE_X21Y30    design_1_i/RISCV_EYE_CORE_0/inst/inst_sv_top/core_inst/decode_stage_inst/register_file_inst/registers_reg[10][12]/C
Min Period        n/a     FDCE/C              n/a            1.000         20.000      19.000     SLICE_X4Y32     design_1_i/RISCV_EYE_CORE_0/inst/inst_sv_top/core_inst/decode_stage_inst/register_file_inst/registers_reg[10][13]/C
Min Period        n/a     FDCE/C              n/a            1.000         20.000      19.000     SLICE_X26Y32    design_1_i/RISCV_EYE_CORE_0/inst/inst_sv_top/core_inst/decode_stage_inst/register_file_inst/registers_reg[10][14]/C
Min Period        n/a     FDCE/C              n/a            1.000         20.000      19.000     SLICE_X4Y32     design_1_i/RISCV_EYE_CORE_0/inst/inst_sv_top/core_inst/decode_stage_inst/register_file_inst/registers_reg[10][15]/C
Low Pulse Width   Slow    RAMD32/CLK          n/a            1.250         10.000      8.750      SLICE_X30Y41    <hidden>
Low Pulse Width   Fast    RAMD32/CLK          n/a            1.250         10.000      8.750      SLICE_X30Y41    <hidden>
Low Pulse Width   Slow    RAMD32/CLK          n/a            1.250         10.000      8.750      SLICE_X30Y41    <hidden>
Low Pulse Width   Fast    RAMD32/CLK          n/a            1.250         10.000      8.750      SLICE_X30Y41    <hidden>
Low Pulse Width   Slow    RAMD32/CLK          n/a            1.250         10.000      8.750      SLICE_X34Y44    <hidden>
Low Pulse Width   Fast    RAMD32/CLK          n/a            1.250         10.000      8.750      SLICE_X34Y44    <hidden>
Low Pulse Width   Slow    RAMD32/CLK          n/a            1.250         10.000      8.750      SLICE_X34Y44    <hidden>
Low Pulse Width   Fast    RAMD32/CLK          n/a            1.250         10.000      8.750      SLICE_X34Y44    <hidden>
Low Pulse Width   Slow    RAMD32/CLK          n/a            1.250         10.000      8.750      SLICE_X34Y44    <hidden>
Low Pulse Width   Fast    RAMD32/CLK          n/a            1.250         10.000      8.750      SLICE_X34Y44    <hidden>
High Pulse Width  Slow    RAMD32/CLK          n/a            1.250         10.000      8.750      SLICE_X30Y41    <hidden>
High Pulse Width  Fast    RAMD32/CLK          n/a            1.250         10.000      8.750      SLICE_X30Y41    <hidden>
High Pulse Width  Slow    RAMD32/CLK          n/a            1.250         10.000      8.750      SLICE_X30Y41    <hidden>
High Pulse Width  Fast    RAMD32/CLK          n/a            1.250         10.000      8.750      SLICE_X30Y41    <hidden>
High Pulse Width  Slow    RAMD32/CLK          n/a            1.250         10.000      8.750      SLICE_X34Y44    <hidden>
High Pulse Width  Fast    RAMD32/CLK          n/a            1.250         10.000      8.750      SLICE_X34Y44    <hidden>
High Pulse Width  Slow    RAMD32/CLK          n/a            1.250         10.000      8.750      SLICE_X34Y44    <hidden>
High Pulse Width  Fast    RAMD32/CLK          n/a            1.250         10.000      8.750      SLICE_X34Y44    <hidden>
High Pulse Width  Slow    RAMD32/CLK          n/a            1.250         10.000      8.750      SLICE_X34Y44    <hidden>
High Pulse Width  Fast    RAMD32/CLK          n/a            1.250         10.000      8.750      SLICE_X34Y44    <hidden>



---------------------------------------------------------------------------------------------------
Path Group:  **async_default**
From Clock:  clk_fpga_0
  To Clock:  clk_fpga_0

Setup :            0  Failing Endpoints,  Worst Slack       10.353ns,  Total Violation        0.000ns
Hold  :            0  Failing Endpoints,  Worst Slack        0.359ns,  Total Violation        0.000ns
---------------------------------------------------------------------------------------------------


Max Delay Paths
--------------------------------------------------------------------------------------
Slack (MET) :             10.353ns  (required time - arrival time)
  Source:                 design_1_i/rst_ps7_0_50M/U0/ACTIVE_LOW_PR_OUT_DFF[0].FDRE_PER_N/C
                            (rising edge-triggered cell FDRE clocked by clk_fpga_0  {rise@0.000ns fall@10.000ns period=20.000ns})
  Destination:            design_1_i/RISCV_EYE_CORE_0/inst/inst_sv_top/core_inst/if_id_register_inst/instruction_decode_out_reg[29]/CLR
                            (recovery check against rising-edge clock clk_fpga_0  {rise@0.000ns fall@10.000ns period=20.000ns})
  Path Group:             **async_default**
  Path Type:              Recovery (Max at Slow Process Corner)
  Requirement:            20.000ns  (clk_fpga_0 rise@20.000ns - clk_fpga_0 rise@0.000ns)
  Data Path Delay:        8.851ns  (logic 0.456ns (5.152%)  route 8.395ns (94.848%))
  Logic Levels:           0  
  Clock Path Skew:        -0.132ns (DCD - SCD + CPR)
    Destination Clock Delay (DCD):    2.750ns = ( 22.750 - 20.000 ) 
    Source Clock Delay      (SCD):    3.112ns
    Clock Pessimism Removal (CPR):    0.230ns
  Clock Uncertainty:      0.302ns  ((TSJ^2 + TIJ^2)^1/2 + DJ) / 2 + PE
    Total System Jitter     (TSJ):    0.071ns
    Total Input Jitter      (TIJ):    0.600ns
    Discrete Jitter          (DJ):    0.000ns
    Phase Error              (PE):    0.000ns

    Location             Delay type                Incr(ns)  Path(ns)    Netlist Resource(s)
  -------------------------------------------------------------------    -------------------
                         (clock clk_fpga_0 rise edge)
                                                      0.000     0.000 r  
    PS7_X0Y0             PS7                          0.000     0.000 r  design_1_i/processing_system7_0/inst/PS7_i/FCLKCLK[0]
                         net (fo=1, routed)           1.193     1.193    design_1_i/processing_system7_0/inst/FCLK_CLK_unbuffered[0]
    BUFGCTRL_X0Y16       BUFG (Prop_bufg_I_O)         0.101     1.294 r  design_1_i/processing_system7_0/inst/buffer_fclk_clk_0.FCLK_CLK_0_BUFG/O
                         net (fo=2319, routed)        1.818     3.112    design_1_i/rst_ps7_0_50M/U0/slowest_sync_clk
    SLICE_X1Y25          FDRE                                         r  design_1_i/rst_ps7_0_50M/U0/ACTIVE_LOW_PR_OUT_DFF[0].FDRE_PER_N/C
  -------------------------------------------------------------------    -------------------
    SLICE_X1Y25          FDRE (Prop_fdre_C_Q)         0.456     3.568 f  design_1_i/rst_ps7_0_50M/U0/ACTIVE_LOW_PR_OUT_DFF[0].FDRE_PER_N/Q
                         net (fo=1666, routed)        8.395    11.963    design_1_i/RISCV_EYE_CORE_0/inst/inst_sv_top/core_inst/if_id_register_inst/reset
    SLICE_X26Y42         FDCE                                         f  design_1_i/RISCV_EYE_CORE_0/inst/inst_sv_top/core_inst/if_id_register_inst/instruction_decode_out_reg[29]/CLR
  -------------------------------------------------------------------    -------------------

                         (clock clk_fpga_0 rise edge)
                                                     20.000    20.000 r  
    PS7_X0Y0             PS7                          0.000    20.000 r  design_1_i/processing_system7_0/inst/PS7_i/FCLKCLK[0]
                         net (fo=1, routed)           1.088    21.088    design_1_i/processing_system7_0/inst/FCLK_CLK_unbuffered[0]
    BUFGCTRL_X0Y16       BUFG (Prop_bufg_I_O)         0.091    21.179 r  design_1_i/processing_system7_0/inst/buffer_fclk_clk_0.FCLK_CLK_0_BUFG/O
                         net (fo=2319, routed)        1.571    22.750    design_1_i/RISCV_EYE_CORE_0/inst/inst_sv_top/core_inst/if_id_register_inst/clk
    SLICE_X26Y42         FDCE                                         r  design_1_i/RISCV_EYE_CORE_0/inst/inst_sv_top/core_inst/if_id_register_inst/instruction_decode_out_reg[29]/C
                         clock pessimism              0.230    22.980    
                         clock uncertainty           -0.302    22.678    
    SLICE_X26Y42         FDCE (Recov_fdce_C_CLR)     -0.361    22.317    design_1_i/RISCV_EYE_CORE_0/inst/inst_sv_top/core_inst/if_id_register_inst/instruction_decode_out_reg[29]
  -------------------------------------------------------------------
                         required time                         22.317    
                         arrival time                         -11.963    
  -------------------------------------------------------------------
                         slack                                 10.353    

Slack (MET) :             10.353ns  (required time - arrival time)
  Source:                 design_1_i/rst_ps7_0_50M/U0/ACTIVE_LOW_PR_OUT_DFF[0].FDRE_PER_N/C
                            (rising edge-triggered cell FDRE clocked by clk_fpga_0  {rise@0.000ns fall@10.000ns period=20.000ns})
  Destination:            design_1_i/RISCV_EYE_CORE_0/inst/inst_sv_top/core_inst/if_id_register_inst/instruction_decode_out_reg[31]/CLR
                            (recovery check against rising-edge clock clk_fpga_0  {rise@0.000ns fall@10.000ns period=20.000ns})
  Path Group:             **async_default**
  Path Type:              Recovery (Max at Slow Process Corner)
  Requirement:            20.000ns  (clk_fpga_0 rise@20.000ns - clk_fpga_0 rise@0.000ns)
  Data Path Delay:        8.851ns  (logic 0.456ns (5.152%)  route 8.395ns (94.848%))
  Logic Levels:           0  
  Clock Path Skew:        -0.132ns (DCD - SCD + CPR)
    Destination Clock Delay (DCD):    2.750ns = ( 22.750 - 20.000 ) 
    Source Clock Delay      (SCD):    3.112ns
    Clock Pessimism Removal (CPR):    0.230ns
  Clock Uncertainty:      0.302ns  ((TSJ^2 + TIJ^2)^1/2 + DJ) / 2 + PE
    Total System Jitter     (TSJ):    0.071ns
    Total Input Jitter      (TIJ):    0.600ns
    Discrete Jitter          (DJ):    0.000ns
    Phase Error              (PE):    0.000ns

    Location             Delay type                Incr(ns)  Path(ns)    Netlist Resource(s)
  -------------------------------------------------------------------    -------------------
                         (clock clk_fpga_0 rise edge)
                                                      0.000     0.000 r  
    PS7_X0Y0             PS7                          0.000     0.000 r  design_1_i/processing_system7_0/inst/PS7_i/FCLKCLK[0]
                         net (fo=1, routed)           1.193     1.193    design_1_i/processing_system7_0/inst/FCLK_CLK_unbuffered[0]
    BUFGCTRL_X0Y16       BUFG (Prop_bufg_I_O)         0.101     1.294 r  design_1_i/processing_system7_0/inst/buffer_fclk_clk_0.FCLK_CLK_0_BUFG/O
                         net (fo=2319, routed)        1.818     3.112    design_1_i/rst_ps7_0_50M/U0/slowest_sync_clk
    SLICE_X1Y25          FDRE                                         r  design_1_i/rst_ps7_0_50M/U0/ACTIVE_LOW_PR_OUT_DFF[0].FDRE_PER_N/C
  -------------------------------------------------------------------    -------------------
    SLICE_X1Y25          FDRE (Prop_fdre_C_Q)         0.456     3.568 f  design_1_i/rst_ps7_0_50M/U0/ACTIVE_LOW_PR_OUT_DFF[0].FDRE_PER_N/Q
                         net (fo=1666, routed)        8.395    11.963    design_1_i/RISCV_EYE_CORE_0/inst/inst_sv_top/core_inst/if_id_register_inst/reset
    SLICE_X26Y42         FDCE                                         f  design_1_i/RISCV_EYE_CORE_0/inst/inst_sv_top/core_inst/if_id_register_inst/instruction_decode_out_reg[31]/CLR
  -------------------------------------------------------------------    -------------------

                         (clock clk_fpga_0 rise edge)
                                                     20.000    20.000 r  
    PS7_X0Y0             PS7                          0.000    20.000 r  design_1_i/processing_system7_0/inst/PS7_i/FCLKCLK[0]
                         net (fo=1, routed)           1.088    21.088    design_1_i/processing_system7_0/inst/FCLK_CLK_unbuffered[0]
    BUFGCTRL_X0Y16       BUFG (Prop_bufg_I_O)         0.091    21.179 r  design_1_i/processing_system7_0/inst/buffer_fclk_clk_0.FCLK_CLK_0_BUFG/O
                         net (fo=2319, routed)        1.571    22.750    design_1_i/RISCV_EYE_CORE_0/inst/inst_sv_top/core_inst/if_id_register_inst/clk
    SLICE_X26Y42         FDCE                                         r  design_1_i/RISCV_EYE_CORE_0/inst/inst_sv_top/core_inst/if_id_register_inst/instruction_decode_out_reg[31]/C
                         clock pessimism              0.230    22.980    
                         clock uncertainty           -0.302    22.678    
    SLICE_X26Y42         FDCE (Recov_fdce_C_CLR)     -0.361    22.317    design_1_i/RISCV_EYE_CORE_0/inst/inst_sv_top/core_inst/if_id_register_inst/instruction_decode_out_reg[31]
  -------------------------------------------------------------------
                         required time                         22.317    
                         arrival time                         -11.963    
  -------------------------------------------------------------------
                         slack                                 10.353    

Slack (MET) :             10.395ns  (required time - arrival time)
  Source:                 design_1_i/rst_ps7_0_50M/U0/ACTIVE_LOW_PR_OUT_DFF[0].FDRE_PER_N/C
                            (rising edge-triggered cell FDRE clocked by clk_fpga_0  {rise@0.000ns fall@10.000ns period=20.000ns})
  Destination:            design_1_i/RISCV_EYE_CORE_0/inst/inst_sv_top/core_inst/if_id_register_inst/instruction_decode_out_reg[28]/CLR
                            (recovery check against rising-edge clock clk_fpga_0  {rise@0.000ns fall@10.000ns period=20.000ns})
  Path Group:             **async_default**
  Path Type:              Recovery (Max at Slow Process Corner)
  Requirement:            20.000ns  (clk_fpga_0 rise@20.000ns - clk_fpga_0 rise@0.000ns)
  Data Path Delay:        8.851ns  (logic 0.456ns (5.152%)  route 8.395ns (94.848%))
  Logic Levels:           0  
  Clock Path Skew:        -0.132ns (DCD - SCD + CPR)
    Destination Clock Delay (DCD):    2.750ns = ( 22.750 - 20.000 ) 
    Source Clock Delay      (SCD):    3.112ns
    Clock Pessimism Removal (CPR):    0.230ns
  Clock Uncertainty:      0.302ns  ((TSJ^2 + TIJ^2)^1/2 + DJ) / 2 + PE
    Total System Jitter     (TSJ):    0.071ns
    Total Input Jitter      (TIJ):    0.600ns
    Discrete Jitter          (DJ):    0.000ns
    Phase Error              (PE):    0.000ns

    Location             Delay type                Incr(ns)  Path(ns)    Netlist Resource(s)
  -------------------------------------------------------------------    -------------------
                         (clock clk_fpga_0 rise edge)
                                                      0.000     0.000 r  
    PS7_X0Y0             PS7                          0.000     0.000 r  design_1_i/processing_system7_0/inst/PS7_i/FCLKCLK[0]
                         net (fo=1, routed)           1.193     1.193    design_1_i/processing_system7_0/inst/FCLK_CLK_unbuffered[0]
    BUFGCTRL_X0Y16       BUFG (Prop_bufg_I_O)         0.101     1.294 r  design_1_i/processing_system7_0/inst/buffer_fclk_clk_0.FCLK_CLK_0_BUFG/O
                         net (fo=2319, routed)        1.818     3.112    design_1_i/rst_ps7_0_50M/U0/slowest_sync_clk
    SLICE_X1Y25          FDRE                                         r  design_1_i/rst_ps7_0_50M/U0/ACTIVE_LOW_PR_OUT_DFF[0].FDRE_PER_N/C
  -------------------------------------------------------------------    -------------------
    SLICE_X1Y25          FDRE (Prop_fdre_C_Q)         0.456     3.568 f  design_1_i/rst_ps7_0_50M/U0/ACTIVE_LOW_PR_OUT_DFF[0].FDRE_PER_N/Q
                         net (fo=1666, routed)        8.395    11.963    design_1_i/RISCV_EYE_CORE_0/inst/inst_sv_top/core_inst/if_id_register_inst/reset
    SLICE_X26Y42         FDCE                                         f  design_1_i/RISCV_EYE_CORE_0/inst/inst_sv_top/core_inst/if_id_register_inst/instruction_decode_out_reg[28]/CLR
  -------------------------------------------------------------------    -------------------

                         (clock clk_fpga_0 rise edge)
                                                     20.000    20.000 r  
    PS7_X0Y0             PS7                          0.000    20.000 r  design_1_i/processing_system7_0/inst/PS7_i/FCLKCLK[0]
                         net (fo=1, routed)           1.088    21.088    design_1_i/processing_system7_0/inst/FCLK_CLK_unbuffered[0]
    BUFGCTRL_X0Y16       BUFG (Prop_bufg_I_O)         0.091    21.179 r  design_1_i/processing_system7_0/inst/buffer_fclk_clk_0.FCLK_CLK_0_BUFG/O
                         net (fo=2319, routed)        1.571    22.750    design_1_i/RISCV_EYE_CORE_0/inst/inst_sv_top/core_inst/if_id_register_inst/clk
    SLICE_X26Y42         FDCE                                         r  design_1_i/RISCV_EYE_CORE_0/inst/inst_sv_top/core_inst/if_id_register_inst/instruction_decode_out_reg[28]/C
                         clock pessimism              0.230    22.980    
                         clock uncertainty           -0.302    22.678    
    SLICE_X26Y42         FDCE (Recov_fdce_C_CLR)     -0.319    22.359    design_1_i/RISCV_EYE_CORE_0/inst/inst_sv_top/core_inst/if_id_register_inst/instruction_decode_out_reg[28]
  -------------------------------------------------------------------
                         required time                         22.359    
                         arrival time                         -11.963    
  -------------------------------------------------------------------
                         slack                                 10.395    

Slack (MET) :             10.395ns  (required time - arrival time)
  Source:                 design_1_i/rst_ps7_0_50M/U0/ACTIVE_LOW_PR_OUT_DFF[0].FDRE_PER_N/C
                            (rising edge-triggered cell FDRE clocked by clk_fpga_0  {rise@0.000ns fall@10.000ns period=20.000ns})
  Destination:            design_1_i/RISCV_EYE_CORE_0/inst/inst_sv_top/core_inst/if_id_register_inst/instruction_decode_out_reg[30]/CLR
                            (recovery check against rising-edge clock clk_fpga_0  {rise@0.000ns fall@10.000ns period=20.000ns})
  Path Group:             **async_default**
  Path Type:              Recovery (Max at Slow Process Corner)
  Requirement:            20.000ns  (clk_fpga_0 rise@20.000ns - clk_fpga_0 rise@0.000ns)
  Data Path Delay:        8.851ns  (logic 0.456ns (5.152%)  route 8.395ns (94.848%))
  Logic Levels:           0  
  Clock Path Skew:        -0.132ns (DCD - SCD + CPR)
    Destination Clock Delay (DCD):    2.750ns = ( 22.750 - 20.000 ) 
    Source Clock Delay      (SCD):    3.112ns
    Clock Pessimism Removal (CPR):    0.230ns
  Clock Uncertainty:      0.302ns  ((TSJ^2 + TIJ^2)^1/2 + DJ) / 2 + PE
    Total System Jitter     (TSJ):    0.071ns
    Total Input Jitter      (TIJ):    0.600ns
    Discrete Jitter          (DJ):    0.000ns
    Phase Error              (PE):    0.000ns

    Location             Delay type                Incr(ns)  Path(ns)    Netlist Resource(s)
  -------------------------------------------------------------------    -------------------
                         (clock clk_fpga_0 rise edge)
                                                      0.000     0.000 r  
    PS7_X0Y0             PS7                          0.000     0.000 r  design_1_i/processing_system7_0/inst/PS7_i/FCLKCLK[0]
                         net (fo=1, routed)           1.193     1.193    design_1_i/processing_system7_0/inst/FCLK_CLK_unbuffered[0]
    BUFGCTRL_X0Y16       BUFG (Prop_bufg_I_O)         0.101     1.294 r  design_1_i/processing_system7_0/inst/buffer_fclk_clk_0.FCLK_CLK_0_BUFG/O
                         net (fo=2319, routed)        1.818     3.112    design_1_i/rst_ps7_0_50M/U0/slowest_sync_clk
    SLICE_X1Y25          FDRE                                         r  design_1_i/rst_ps7_0_50M/U0/ACTIVE_LOW_PR_OUT_DFF[0].FDRE_PER_N/C
  -------------------------------------------------------------------    -------------------
    SLICE_X1Y25          FDRE (Prop_fdre_C_Q)         0.456     3.568 f  design_1_i/rst_ps7_0_50M/U0/ACTIVE_LOW_PR_OUT_DFF[0].FDRE_PER_N/Q
                         net (fo=1666, routed)        8.395    11.963    design_1_i/RISCV_EYE_CORE_0/inst/inst_sv_top/core_inst/if_id_register_inst/reset
    SLICE_X26Y42         FDCE                                         f  design_1_i/RISCV_EYE_CORE_0/inst/inst_sv_top/core_inst/if_id_register_inst/instruction_decode_out_reg[30]/CLR
  -------------------------------------------------------------------    -------------------

                         (clock clk_fpga_0 rise edge)
                                                     20.000    20.000 r  
    PS7_X0Y0             PS7                          0.000    20.000 r  design_1_i/processing_system7_0/inst/PS7_i/FCLKCLK[0]
                         net (fo=1, routed)           1.088    21.088    design_1_i/processing_system7_0/inst/FCLK_CLK_unbuffered[0]
    BUFGCTRL_X0Y16       BUFG (Prop_bufg_I_O)         0.091    21.179 r  design_1_i/processing_system7_0/inst/buffer_fclk_clk_0.FCLK_CLK_0_BUFG/O
                         net (fo=2319, routed)        1.571    22.750    design_1_i/RISCV_EYE_CORE_0/inst/inst_sv_top/core_inst/if_id_register_inst/clk
    SLICE_X26Y42         FDCE                                         r  design_1_i/RISCV_EYE_CORE_0/inst/inst_sv_top/core_inst/if_id_register_inst/instruction_decode_out_reg[30]/C
                         clock pessimism              0.230    22.980    
                         clock uncertainty           -0.302    22.678    
    SLICE_X26Y42         FDCE (Recov_fdce_C_CLR)     -0.319    22.359    design_1_i/RISCV_EYE_CORE_0/inst/inst_sv_top/core_inst/if_id_register_inst/instruction_decode_out_reg[30]
  -------------------------------------------------------------------
                         required time                         22.359    
                         arrival time                         -11.963    
  -------------------------------------------------------------------
                         slack                                 10.395    

Slack (MET) :             10.444ns  (required time - arrival time)
  Source:                 design_1_i/rst_ps7_0_50M/U0/ACTIVE_LOW_PR_OUT_DFF[0].FDRE_PER_N/C
                            (rising edge-triggered cell FDRE clocked by clk_fpga_0  {rise@0.000ns fall@10.000ns period=20.000ns})
  Destination:            design_1_i/RISCV_EYE_CORE_0/inst/inst_sv_top/core_inst/mem_wb_register_inst/pc_plus_four_out_reg[26]/CLR
                            (recovery check against rising-edge clock clk_fpga_0  {rise@0.000ns fall@10.000ns period=20.000ns})
  Path Group:             **async_default**
  Path Type:              Recovery (Max at Slow Process Corner)
  Requirement:            20.000ns  (clk_fpga_0 rise@20.000ns - clk_fpga_0 rise@0.000ns)
  Data Path Delay:        8.718ns  (logic 0.456ns (5.231%)  route 8.262ns (94.769%))
  Logic Levels:           0  
  Clock Path Skew:        -0.131ns (DCD - SCD + CPR)
    Destination Clock Delay (DCD):    2.751ns = ( 22.751 - 20.000 ) 
    Source Clock Delay      (SCD):    3.112ns
    Clock Pessimism Removal (CPR):    0.230ns
  Clock Uncertainty:      0.302ns  ((TSJ^2 + TIJ^2)^1/2 + DJ) / 2 + PE
    Total System Jitter     (TSJ):    0.071ns
    Total Input Jitter      (TIJ):    0.600ns
    Discrete Jitter          (DJ):    0.000ns
    Phase Error              (PE):    0.000ns

    Location             Delay type                Incr(ns)  Path(ns)    Netlist Resource(s)
  -------------------------------------------------------------------    -------------------
                         (clock clk_fpga_0 rise edge)
                                                      0.000     0.000 r  
    PS7_X0Y0             PS7                          0.000     0.000 r  design_1_i/processing_system7_0/inst/PS7_i/FCLKCLK[0]
                         net (fo=1, routed)           1.193     1.193    design_1_i/processing_system7_0/inst/FCLK_CLK_unbuffered[0]
    BUFGCTRL_X0Y16       BUFG (Prop_bufg_I_O)         0.101     1.294 r  design_1_i/processing_system7_0/inst/buffer_fclk_clk_0.FCLK_CLK_0_BUFG/O
                         net (fo=2319, routed)        1.818     3.112    design_1_i/rst_ps7_0_50M/U0/slowest_sync_clk
    SLICE_X1Y25          FDRE                                         r  design_1_i/rst_ps7_0_50M/U0/ACTIVE_LOW_PR_OUT_DFF[0].FDRE_PER_N/C
  -------------------------------------------------------------------    -------------------
    SLICE_X1Y25          FDRE (Prop_fdre_C_Q)         0.456     3.568 f  design_1_i/rst_ps7_0_50M/U0/ACTIVE_LOW_PR_OUT_DFF[0].FDRE_PER_N/Q
                         net (fo=1666, routed)        8.262    11.830    design_1_i/RISCV_EYE_CORE_0/inst/inst_sv_top/core_inst/mem_wb_register_inst/reset
    SLICE_X27Y43         FDCE                                         f  design_1_i/RISCV_EYE_CORE_0/inst/inst_sv_top/core_inst/mem_wb_register_inst/pc_plus_four_out_reg[26]/CLR
  -------------------------------------------------------------------    -------------------

                         (clock clk_fpga_0 rise edge)
                                                     20.000    20.000 r  
    PS7_X0Y0             PS7                          0.000    20.000 r  design_1_i/processing_system7_0/inst/PS7_i/FCLKCLK[0]
                         net (fo=1, routed)           1.088    21.088    design_1_i/processing_system7_0/inst/FCLK_CLK_unbuffered[0]
    BUFGCTRL_X0Y16       BUFG (Prop_bufg_I_O)         0.091    21.179 r  design_1_i/processing_system7_0/inst/buffer_fclk_clk_0.FCLK_CLK_0_BUFG/O
                         net (fo=2319, routed)        1.572    22.751    design_1_i/RISCV_EYE_CORE_0/inst/inst_sv_top/core_inst/mem_wb_register_inst/clk
    SLICE_X27Y43         FDCE                                         r  design_1_i/RISCV_EYE_CORE_0/inst/inst_sv_top/core_inst/mem_wb_register_inst/pc_plus_four_out_reg[26]/C
                         clock pessimism              0.230    22.981    
                         clock uncertainty           -0.302    22.679    
    SLICE_X27Y43         FDCE (Recov_fdce_C_CLR)     -0.405    22.274    design_1_i/RISCV_EYE_CORE_0/inst/inst_sv_top/core_inst/mem_wb_register_inst/pc_plus_four_out_reg[26]
  -------------------------------------------------------------------
                         required time                         22.274    
                         arrival time                         -11.830    
  -------------------------------------------------------------------
                         slack                                 10.444    

Slack (MET) :             10.444ns  (required time - arrival time)
  Source:                 design_1_i/rst_ps7_0_50M/U0/ACTIVE_LOW_PR_OUT_DFF[0].FDRE_PER_N/C
                            (rising edge-triggered cell FDRE clocked by clk_fpga_0  {rise@0.000ns fall@10.000ns period=20.000ns})
  Destination:            design_1_i/RISCV_EYE_CORE_0/inst/inst_sv_top/core_inst/mem_wb_register_inst/pc_plus_four_out_reg[27]/CLR
                            (recovery check against rising-edge clock clk_fpga_0  {rise@0.000ns fall@10.000ns period=20.000ns})
  Path Group:             **async_default**
  Path Type:              Recovery (Max at Slow Process Corner)
  Requirement:            20.000ns  (clk_fpga_0 rise@20.000ns - clk_fpga_0 rise@0.000ns)
  Data Path Delay:        8.718ns  (logic 0.456ns (5.231%)  route 8.262ns (94.769%))
  Logic Levels:           0  
  Clock Path Skew:        -0.131ns (DCD - SCD + CPR)
    Destination Clock Delay (DCD):    2.751ns = ( 22.751 - 20.000 ) 
    Source Clock Delay      (SCD):    3.112ns
    Clock Pessimism Removal (CPR):    0.230ns
  Clock Uncertainty:      0.302ns  ((TSJ^2 + TIJ^2)^1/2 + DJ) / 2 + PE
    Total System Jitter     (TSJ):    0.071ns
    Total Input Jitter      (TIJ):    0.600ns
    Discrete Jitter          (DJ):    0.000ns
    Phase Error              (PE):    0.000ns

    Location             Delay type                Incr(ns)  Path(ns)    Netlist Resource(s)
  -------------------------------------------------------------------    -------------------
                         (clock clk_fpga_0 rise edge)
                                                      0.000     0.000 r  
    PS7_X0Y0             PS7                          0.000     0.000 r  design_1_i/processing_system7_0/inst/PS7_i/FCLKCLK[0]
                         net (fo=1, routed)           1.193     1.193    design_1_i/processing_system7_0/inst/FCLK_CLK_unbuffered[0]
    BUFGCTRL_X0Y16       BUFG (Prop_bufg_I_O)         0.101     1.294 r  design_1_i/processing_system7_0/inst/buffer_fclk_clk_0.FCLK_CLK_0_BUFG/O
                         net (fo=2319, routed)        1.818     3.112    design_1_i/rst_ps7_0_50M/U0/slowest_sync_clk
    SLICE_X1Y25          FDRE                                         r  design_1_i/rst_ps7_0_50M/U0/ACTIVE_LOW_PR_OUT_DFF[0].FDRE_PER_N/C
  -------------------------------------------------------------------    -------------------
    SLICE_X1Y25          FDRE (Prop_fdre_C_Q)         0.456     3.568 f  design_1_i/rst_ps7_0_50M/U0/ACTIVE_LOW_PR_OUT_DFF[0].FDRE_PER_N/Q
                         net (fo=1666, routed)        8.262    11.830    design_1_i/RISCV_EYE_CORE_0/inst/inst_sv_top/core_inst/mem_wb_register_inst/reset
    SLICE_X27Y43         FDCE                                         f  design_1_i/RISCV_EYE_CORE_0/inst/inst_sv_top/core_inst/mem_wb_register_inst/pc_plus_four_out_reg[27]/CLR
  -------------------------------------------------------------------    -------------------

                         (clock clk_fpga_0 rise edge)
                                                     20.000    20.000 r  
    PS7_X0Y0             PS7                          0.000    20.000 r  design_1_i/processing_system7_0/inst/PS7_i/FCLKCLK[0]
                         net (fo=1, routed)           1.088    21.088    design_1_i/processing_system7_0/inst/FCLK_CLK_unbuffered[0]
    BUFGCTRL_X0Y16       BUFG (Prop_bufg_I_O)         0.091    21.179 r  design_1_i/processing_system7_0/inst/buffer_fclk_clk_0.FCLK_CLK_0_BUFG/O
                         net (fo=2319, routed)        1.572    22.751    design_1_i/RISCV_EYE_CORE_0/inst/inst_sv_top/core_inst/mem_wb_register_inst/clk
    SLICE_X27Y43         FDCE                                         r  design_1_i/RISCV_EYE_CORE_0/inst/inst_sv_top/core_inst/mem_wb_register_inst/pc_plus_four_out_reg[27]/C
                         clock pessimism              0.230    22.981    
                         clock uncertainty           -0.302    22.679    
    SLICE_X27Y43         FDCE (Recov_fdce_C_CLR)     -0.405    22.274    design_1_i/RISCV_EYE_CORE_0/inst/inst_sv_top/core_inst/mem_wb_register_inst/pc_plus_four_out_reg[27]
  -------------------------------------------------------------------
                         required time                         22.274    
                         arrival time                         -11.830    
  -------------------------------------------------------------------
                         slack                                 10.444    

Slack (MET) :             10.445ns  (required time - arrival time)
  Source:                 design_1_i/rst_ps7_0_50M/U0/ACTIVE_LOW_PR_OUT_DFF[0].FDRE_PER_N/C
                            (rising edge-triggered cell FDRE clocked by clk_fpga_0  {rise@0.000ns fall@10.000ns period=20.000ns})
  Destination:            design_1_i/RISCV_EYE_CORE_0/inst/inst_sv_top/core_inst/decode_stage_inst/register_file_inst/registers_reg[27][2]/CLR
                            (recovery check against rising-edge clock clk_fpga_0  {rise@0.000ns fall@10.000ns period=20.000ns})
  Path Group:             **async_default**
  Path Type:              Recovery (Max at Slow Process Corner)
  Requirement:            20.000ns  (clk_fpga_0 rise@20.000ns - clk_fpga_0 rise@0.000ns)
  Data Path Delay:        8.700ns  (logic 0.456ns (5.242%)  route 8.244ns (94.758%))
  Logic Levels:           0  
  Clock Path Skew:        -0.148ns (DCD - SCD + CPR)
    Destination Clock Delay (DCD):    2.734ns = ( 22.734 - 20.000 ) 
    Source Clock Delay      (SCD):    3.112ns
    Clock Pessimism Removal (CPR):    0.230ns
  Clock Uncertainty:      0.302ns  ((TSJ^2 + TIJ^2)^1/2 + DJ) / 2 + PE
    Total System Jitter     (TSJ):    0.071ns
    Total Input Jitter      (TIJ):    0.600ns
    Discrete Jitter          (DJ):    0.000ns
    Phase Error              (PE):    0.000ns

    Location             Delay type                Incr(ns)  Path(ns)    Netlist Resource(s)
  -------------------------------------------------------------------    -------------------
                         (clock clk_fpga_0 rise edge)
                                                      0.000     0.000 r  
    PS7_X0Y0             PS7                          0.000     0.000 r  design_1_i/processing_system7_0/inst/PS7_i/FCLKCLK[0]
                         net (fo=1, routed)           1.193     1.193    design_1_i/processing_system7_0/inst/FCLK_CLK_unbuffered[0]
    BUFGCTRL_X0Y16       BUFG (Prop_bufg_I_O)         0.101     1.294 r  design_1_i/processing_system7_0/inst/buffer_fclk_clk_0.FCLK_CLK_0_BUFG/O
                         net (fo=2319, routed)        1.818     3.112    design_1_i/rst_ps7_0_50M/U0/slowest_sync_clk
    SLICE_X1Y25          FDRE                                         r  design_1_i/rst_ps7_0_50M/U0/ACTIVE_LOW_PR_OUT_DFF[0].FDRE_PER_N/C
  -------------------------------------------------------------------    -------------------
    SLICE_X1Y25          FDRE (Prop_fdre_C_Q)         0.456     3.568 f  design_1_i/rst_ps7_0_50M/U0/ACTIVE_LOW_PR_OUT_DFF[0].FDRE_PER_N/Q
                         net (fo=1666, routed)        8.244    11.812    design_1_i/RISCV_EYE_CORE_0/inst/inst_sv_top/core_inst/decode_stage_inst/register_file_inst/reset
    SLICE_X27Y25         FDCE                                         f  design_1_i/RISCV_EYE_CORE_0/inst/inst_sv_top/core_inst/decode_stage_inst/register_file_inst/registers_reg[27][2]/CLR
  -------------------------------------------------------------------    -------------------

                         (clock clk_fpga_0 rise edge)
                                                     20.000    20.000 r  
    PS7_X0Y0             PS7                          0.000    20.000 r  design_1_i/processing_system7_0/inst/PS7_i/FCLKCLK[0]
                         net (fo=1, routed)           1.088    21.088    design_1_i/processing_system7_0/inst/FCLK_CLK_unbuffered[0]
    BUFGCTRL_X0Y16       BUFG (Prop_bufg_I_O)         0.091    21.179 r  design_1_i/processing_system7_0/inst/buffer_fclk_clk_0.FCLK_CLK_0_BUFG/O
                         net (fo=2319, routed)        1.555    22.734    design_1_i/RISCV_EYE_CORE_0/inst/inst_sv_top/core_inst/decode_stage_inst/register_file_inst/clk
    SLICE_X27Y25         FDCE                                         r  design_1_i/RISCV_EYE_CORE_0/inst/inst_sv_top/core_inst/decode_stage_inst/register_file_inst/registers_reg[27][2]/C
                         clock pessimism              0.230    22.964    
                         clock uncertainty           -0.302    22.662    
    SLICE_X27Y25         FDCE (Recov_fdce_C_CLR)     -0.405    22.257    design_1_i/RISCV_EYE_CORE_0/inst/inst_sv_top/core_inst/decode_stage_inst/register_file_inst/registers_reg[27][2]
  -------------------------------------------------------------------
                         required time                         22.257    
                         arrival time                         -11.812    
  -------------------------------------------------------------------
                         slack                                 10.445    

Slack (MET) :             10.488ns  (required time - arrival time)
  Source:                 design_1_i/rst_ps7_0_50M/U0/ACTIVE_LOW_PR_OUT_DFF[0].FDRE_PER_N/C
                            (rising edge-triggered cell FDRE clocked by clk_fpga_0  {rise@0.000ns fall@10.000ns period=20.000ns})
  Destination:            design_1_i/RISCV_EYE_CORE_0/inst/inst_sv_top/core_inst/mem_wb_register_inst/alu_result_out_reg[27]/CLR
                            (recovery check against rising-edge clock clk_fpga_0  {rise@0.000ns fall@10.000ns period=20.000ns})
  Path Group:             **async_default**
  Path Type:              Recovery (Max at Slow Process Corner)
  Requirement:            20.000ns  (clk_fpga_0 rise@20.000ns - clk_fpga_0 rise@0.000ns)
  Data Path Delay:        8.718ns  (logic 0.456ns (5.231%)  route 8.262ns (94.769%))
  Logic Levels:           0  
  Clock Path Skew:        -0.131ns (DCD - SCD + CPR)
    Destination Clock Delay (DCD):    2.751ns = ( 22.751 - 20.000 ) 
    Source Clock Delay      (SCD):    3.112ns
    Clock Pessimism Removal (CPR):    0.230ns
  Clock Uncertainty:      0.302ns  ((TSJ^2 + TIJ^2)^1/2 + DJ) / 2 + PE
    Total System Jitter     (TSJ):    0.071ns
    Total Input Jitter      (TIJ):    0.600ns
    Discrete Jitter          (DJ):    0.000ns
    Phase Error              (PE):    0.000ns

    Location             Delay type                Incr(ns)  Path(ns)    Netlist Resource(s)
  -------------------------------------------------------------------    -------------------
                         (clock clk_fpga_0 rise edge)
                                                      0.000     0.000 r  
    PS7_X0Y0             PS7                          0.000     0.000 r  design_1_i/processing_system7_0/inst/PS7_i/FCLKCLK[0]
                         net (fo=1, routed)           1.193     1.193    design_1_i/processing_system7_0/inst/FCLK_CLK_unbuffered[0]
    BUFGCTRL_X0Y16       BUFG (Prop_bufg_I_O)         0.101     1.294 r  design_1_i/processing_system7_0/inst/buffer_fclk_clk_0.FCLK_CLK_0_BUFG/O
                         net (fo=2319, routed)        1.818     3.112    design_1_i/rst_ps7_0_50M/U0/slowest_sync_clk
    SLICE_X1Y25          FDRE                                         r  design_1_i/rst_ps7_0_50M/U0/ACTIVE_LOW_PR_OUT_DFF[0].FDRE_PER_N/C
  -------------------------------------------------------------------    -------------------
    SLICE_X1Y25          FDRE (Prop_fdre_C_Q)         0.456     3.568 f  design_1_i/rst_ps7_0_50M/U0/ACTIVE_LOW_PR_OUT_DFF[0].FDRE_PER_N/Q
                         net (fo=1666, routed)        8.262    11.830    design_1_i/RISCV_EYE_CORE_0/inst/inst_sv_top/core_inst/mem_wb_register_inst/reset
    SLICE_X26Y43         FDCE                                         f  design_1_i/RISCV_EYE_CORE_0/inst/inst_sv_top/core_inst/mem_wb_register_inst/alu_result_out_reg[27]/CLR
  -------------------------------------------------------------------    -------------------

                         (clock clk_fpga_0 rise edge)
                                                     20.000    20.000 r  
    PS7_X0Y0             PS7                          0.000    20.000 r  design_1_i/processing_system7_0/inst/PS7_i/FCLKCLK[0]
                         net (fo=1, routed)           1.088    21.088    design_1_i/processing_system7_0/inst/FCLK_CLK_unbuffered[0]
    BUFGCTRL_X0Y16       BUFG (Prop_bufg_I_O)         0.091    21.179 r  design_1_i/processing_system7_0/inst/buffer_fclk_clk_0.FCLK_CLK_0_BUFG/O
                         net (fo=2319, routed)        1.572    22.751    design_1_i/RISCV_EYE_CORE_0/inst/inst_sv_top/core_inst/mem_wb_register_inst/clk
    SLICE_X26Y43         FDCE                                         r  design_1_i/RISCV_EYE_CORE_0/inst/inst_sv_top/core_inst/mem_wb_register_inst/alu_result_out_reg[27]/C
                         clock pessimism              0.230    22.981    
                         clock uncertainty           -0.302    22.679    
    SLICE_X26Y43         FDCE (Recov_fdce_C_CLR)     -0.361    22.318    design_1_i/RISCV_EYE_CORE_0/inst/inst_sv_top/core_inst/mem_wb_register_inst/alu_result_out_reg[27]
  -------------------------------------------------------------------
                         required time                         22.318    
                         arrival time                         -11.830    
  -------------------------------------------------------------------
                         slack                                 10.488    

Slack (MET) :             10.498ns  (required time - arrival time)
  Source:                 design_1_i/rst_ps7_0_50M/U0/ACTIVE_LOW_PR_OUT_DFF[0].FDRE_PER_N/C
                            (rising edge-triggered cell FDRE clocked by clk_fpga_0  {rise@0.000ns fall@10.000ns period=20.000ns})
  Destination:            design_1_i/RISCV_EYE_CORE_0/inst/inst_sv_top/core_inst/decode_stage_inst/register_file_inst/registers_reg[12][2]/CLR
                            (recovery check against rising-edge clock clk_fpga_0  {rise@0.000ns fall@10.000ns period=20.000ns})
  Path Group:             **async_default**
  Path Type:              Recovery (Max at Slow Process Corner)
  Requirement:            20.000ns  (clk_fpga_0 rise@20.000ns - clk_fpga_0 rise@0.000ns)
  Data Path Delay:        8.647ns  (logic 0.456ns (5.273%)  route 8.191ns (94.727%))
  Logic Levels:           0  
  Clock Path Skew:        -0.148ns (DCD - SCD + CPR)
    Destination Clock Delay (DCD):    2.734ns = ( 22.734 - 20.000 ) 
    Source Clock Delay      (SCD):    3.112ns
    Clock Pessimism Removal (CPR):    0.230ns
  Clock Uncertainty:      0.302ns  ((TSJ^2 + TIJ^2)^1/2 + DJ) / 2 + PE
    Total System Jitter     (TSJ):    0.071ns
    Total Input Jitter      (TIJ):    0.600ns
    Discrete Jitter          (DJ):    0.000ns
    Phase Error              (PE):    0.000ns

    Location             Delay type                Incr(ns)  Path(ns)    Netlist Resource(s)
  -------------------------------------------------------------------    -------------------
                         (clock clk_fpga_0 rise edge)
                                                      0.000     0.000 r  
    PS7_X0Y0             PS7                          0.000     0.000 r  design_1_i/processing_system7_0/inst/PS7_i/FCLKCLK[0]
                         net (fo=1, routed)           1.193     1.193    design_1_i/processing_system7_0/inst/FCLK_CLK_unbuffered[0]
    BUFGCTRL_X0Y16       BUFG (Prop_bufg_I_O)         0.101     1.294 r  design_1_i/processing_system7_0/inst/buffer_fclk_clk_0.FCLK_CLK_0_BUFG/O
                         net (fo=2319, routed)        1.818     3.112    design_1_i/rst_ps7_0_50M/U0/slowest_sync_clk
    SLICE_X1Y25          FDRE                                         r  design_1_i/rst_ps7_0_50M/U0/ACTIVE_LOW_PR_OUT_DFF[0].FDRE_PER_N/C
  -------------------------------------------------------------------    -------------------
    SLICE_X1Y25          FDRE (Prop_fdre_C_Q)         0.456     3.568 f  design_1_i/rst_ps7_0_50M/U0/ACTIVE_LOW_PR_OUT_DFF[0].FDRE_PER_N/Q
                         net (fo=1666, routed)        8.191    11.759    design_1_i/RISCV_EYE_CORE_0/inst/inst_sv_top/core_inst/decode_stage_inst/register_file_inst/reset
    SLICE_X24Y25         FDCE                                         f  design_1_i/RISCV_EYE_CORE_0/inst/inst_sv_top/core_inst/decode_stage_inst/register_file_inst/registers_reg[12][2]/CLR
  -------------------------------------------------------------------    -------------------

                         (clock clk_fpga_0 rise edge)
                                                     20.000    20.000 r  
    PS7_X0Y0             PS7                          0.000    20.000 r  design_1_i/processing_system7_0/inst/PS7_i/FCLKCLK[0]
                         net (fo=1, routed)           1.088    21.088    design_1_i/processing_system7_0/inst/FCLK_CLK_unbuffered[0]
    BUFGCTRL_X0Y16       BUFG (Prop_bufg_I_O)         0.091    21.179 r  design_1_i/processing_system7_0/inst/buffer_fclk_clk_0.FCLK_CLK_0_BUFG/O
                         net (fo=2319, routed)        1.555    22.734    design_1_i/RISCV_EYE_CORE_0/inst/inst_sv_top/core_inst/decode_stage_inst/register_file_inst/clk
    SLICE_X24Y25         FDCE                                         r  design_1_i/RISCV_EYE_CORE_0/inst/inst_sv_top/core_inst/decode_stage_inst/register_file_inst/registers_reg[12][2]/C
                         clock pessimism              0.230    22.964    
                         clock uncertainty           -0.302    22.662    
    SLICE_X24Y25         FDCE (Recov_fdce_C_CLR)     -0.405    22.257    design_1_i/RISCV_EYE_CORE_0/inst/inst_sv_top/core_inst/decode_stage_inst/register_file_inst/registers_reg[12][2]
  -------------------------------------------------------------------
                         required time                         22.257    
                         arrival time                         -11.759    
  -------------------------------------------------------------------
                         slack                                 10.498    

Slack (MET) :             10.498ns  (required time - arrival time)
  Source:                 design_1_i/rst_ps7_0_50M/U0/ACTIVE_LOW_PR_OUT_DFF[0].FDRE_PER_N/C
                            (rising edge-triggered cell FDRE clocked by clk_fpga_0  {rise@0.000ns fall@10.000ns period=20.000ns})
  Destination:            design_1_i/RISCV_EYE_CORE_0/inst/inst_sv_top/core_inst/decode_stage_inst/register_file_inst/registers_reg[12][4]/CLR
                            (recovery check against rising-edge clock clk_fpga_0  {rise@0.000ns fall@10.000ns period=20.000ns})
  Path Group:             **async_default**
  Path Type:              Recovery (Max at Slow Process Corner)
  Requirement:            20.000ns  (clk_fpga_0 rise@20.000ns - clk_fpga_0 rise@0.000ns)
  Data Path Delay:        8.647ns  (logic 0.456ns (5.273%)  route 8.191ns (94.727%))
  Logic Levels:           0  
  Clock Path Skew:        -0.148ns (DCD - SCD + CPR)
    Destination Clock Delay (DCD):    2.734ns = ( 22.734 - 20.000 ) 
    Source Clock Delay      (SCD):    3.112ns
    Clock Pessimism Removal (CPR):    0.230ns
  Clock Uncertainty:      0.302ns  ((TSJ^2 + TIJ^2)^1/2 + DJ) / 2 + PE
    Total System Jitter     (TSJ):    0.071ns
    Total Input Jitter      (TIJ):    0.600ns
    Discrete Jitter          (DJ):    0.000ns
    Phase Error              (PE):    0.000ns

    Location             Delay type                Incr(ns)  Path(ns)    Netlist Resource(s)
  -------------------------------------------------------------------    -------------------
                         (clock clk_fpga_0 rise edge)
                                                      0.000     0.000 r  
    PS7_X0Y0             PS7                          0.000     0.000 r  design_1_i/processing_system7_0/inst/PS7_i/FCLKCLK[0]
                         net (fo=1, routed)           1.193     1.193    design_1_i/processing_system7_0/inst/FCLK_CLK_unbuffered[0]
    BUFGCTRL_X0Y16       BUFG (Prop_bufg_I_O)         0.101     1.294 r  design_1_i/processing_system7_0/inst/buffer_fclk_clk_0.FCLK_CLK_0_BUFG/O
                         net (fo=2319, routed)        1.818     3.112    design_1_i/rst_ps7_0_50M/U0/slowest_sync_clk
    SLICE_X1Y25          FDRE                                         r  design_1_i/rst_ps7_0_50M/U0/ACTIVE_LOW_PR_OUT_DFF[0].FDRE_PER_N/C
  -------------------------------------------------------------------    -------------------
    SLICE_X1Y25          FDRE (Prop_fdre_C_Q)         0.456     3.568 f  design_1_i/rst_ps7_0_50M/U0/ACTIVE_LOW_PR_OUT_DFF[0].FDRE_PER_N/Q
                         net (fo=1666, routed)        8.191    11.759    design_1_i/RISCV_EYE_CORE_0/inst/inst_sv_top/core_inst/decode_stage_inst/register_file_inst/reset
    SLICE_X24Y25         FDCE                                         f  design_1_i/RISCV_EYE_CORE_0/inst/inst_sv_top/core_inst/decode_stage_inst/register_file_inst/registers_reg[12][4]/CLR
  -------------------------------------------------------------------    -------------------

                         (clock clk_fpga_0 rise edge)
                                                     20.000    20.000 r  
    PS7_X0Y0             PS7                          0.000    20.000 r  design_1_i/processing_system7_0/inst/PS7_i/FCLKCLK[0]
                         net (fo=1, routed)           1.088    21.088    design_1_i/processing_system7_0/inst/FCLK_CLK_unbuffered[0]
    BUFGCTRL_X0Y16       BUFG (Prop_bufg_I_O)         0.091    21.179 r  design_1_i/processing_system7_0/inst/buffer_fclk_clk_0.FCLK_CLK_0_BUFG/O
                         net (fo=2319, routed)        1.555    22.734    design_1_i/RISCV_EYE_CORE_0/inst/inst_sv_top/core_inst/decode_stage_inst/register_file_inst/clk
    SLICE_X24Y25         FDCE                                         r  design_1_i/RISCV_EYE_CORE_0/inst/inst_sv_top/core_inst/decode_stage_inst/register_file_inst/registers_reg[12][4]/C
                         clock pessimism              0.230    22.964    
                         clock uncertainty           -0.302    22.662    
    SLICE_X24Y25         FDCE (Recov_fdce_C_CLR)     -0.405    22.257    design_1_i/RISCV_EYE_CORE_0/inst/inst_sv_top/core_inst/decode_stage_inst/register_file_inst/registers_reg[12][4]
  -------------------------------------------------------------------
                         required time                         22.257    
                         arrival time                         -11.759    
  -------------------------------------------------------------------
                         slack                                 10.498    





Min Delay Paths
--------------------------------------------------------------------------------------
Slack (MET) :             0.359ns  (arrival time - required time)
  Source:                 design_1_i/rst_ps7_0_50M/U0/ACTIVE_LOW_PR_OUT_DFF[0].FDRE_PER_N/C
                            (rising edge-triggered cell FDRE clocked by clk_fpga_0  {rise@0.000ns fall@10.000ns period=20.000ns})
  Destination:            design_1_i/RISCV_EYE_CORE_0/inst/inst_sv_top/core_inst/decode_stage_inst/register_file_inst/registers_reg[12][13]/CLR
                            (removal check against rising-edge clock clk_fpga_0  {rise@0.000ns fall@10.000ns period=20.000ns})
  Path Group:             **async_default**
  Path Type:              Removal (Min at Fast Process Corner)
  Requirement:            0.000ns  (clk_fpga_0 rise@0.000ns - clk_fpga_0 rise@0.000ns)
  Data Path Delay:        0.325ns  (logic 0.141ns (43.361%)  route 0.184ns (56.639%))
  Logic Levels:           0  
  Clock Path Skew:        0.033ns (DCD - SCD - CPR)
    Destination Clock Delay (DCD):    1.244ns
    Source Clock Delay      (SCD):    0.948ns
    Clock Pessimism Removal (CPR):    0.263ns

    Location             Delay type                Incr(ns)  Path(ns)    Netlist Resource(s)
  -------------------------------------------------------------------    -------------------
                         (clock clk_fpga_0 rise edge)
                                                      0.000     0.000 r  
    PS7_X0Y0             PS7                          0.000     0.000 r  design_1_i/processing_system7_0/inst/PS7_i/FCLKCLK[0]
                         net (fo=1, routed)           0.310     0.310    design_1_i/processing_system7_0/inst/FCLK_CLK_unbuffered[0]
    BUFGCTRL_X0Y16       BUFG (Prop_bufg_I_O)         0.026     0.336 r  design_1_i/processing_system7_0/inst/buffer_fclk_clk_0.FCLK_CLK_0_BUFG/O
                         net (fo=2319, routed)        0.612     0.948    design_1_i/rst_ps7_0_50M/U0/slowest_sync_clk
    SLICE_X1Y25          FDRE                                         r  design_1_i/rst_ps7_0_50M/U0/ACTIVE_LOW_PR_OUT_DFF[0].FDRE_PER_N/C
  -------------------------------------------------------------------    -------------------
    SLICE_X1Y25          FDRE (Prop_fdre_C_Q)         0.141     1.089 f  design_1_i/rst_ps7_0_50M/U0/ACTIVE_LOW_PR_OUT_DFF[0].FDRE_PER_N/Q
                         net (fo=1666, routed)        0.184     1.273    design_1_i/RISCV_EYE_CORE_0/inst/inst_sv_top/core_inst/decode_stage_inst/register_file_inst/reset
    SLICE_X4Y25          FDCE                                         f  design_1_i/RISCV_EYE_CORE_0/inst/inst_sv_top/core_inst/decode_stage_inst/register_file_inst/registers_reg[12][13]/CLR
  -------------------------------------------------------------------    -------------------

                         (clock clk_fpga_0 rise edge)
                                                      0.000     0.000 r  
    PS7_X0Y0             PS7                          0.000     0.000 r  design_1_i/processing_system7_0/inst/PS7_i/FCLKCLK[0]
                         net (fo=1, routed)           0.337     0.337    design_1_i/processing_system7_0/inst/FCLK_CLK_unbuffered[0]
    BUFGCTRL_X0Y16       BUFG (Prop_bufg_I_O)         0.029     0.366 r  design_1_i/processing_system7_0/inst/buffer_fclk_clk_0.FCLK_CLK_0_BUFG/O
                         net (fo=2319, routed)        0.878     1.244    design_1_i/RISCV_EYE_CORE_0/inst/inst_sv_top/core_inst/decode_stage_inst/register_file_inst/clk
    SLICE_X4Y25          FDCE                                         r  design_1_i/RISCV_EYE_CORE_0/inst/inst_sv_top/core_inst/decode_stage_inst/register_file_inst/registers_reg[12][13]/C
                         clock pessimism             -0.263     0.981    
    SLICE_X4Y25          FDCE (Remov_fdce_C_CLR)     -0.067     0.914    design_1_i/RISCV_EYE_CORE_0/inst/inst_sv_top/core_inst/decode_stage_inst/register_file_inst/registers_reg[12][13]
  -------------------------------------------------------------------
                         required time                         -0.914    
                         arrival time                           1.273    
  -------------------------------------------------------------------
                         slack                                  0.359    

Slack (MET) :             0.359ns  (arrival time - required time)
  Source:                 design_1_i/rst_ps7_0_50M/U0/ACTIVE_LOW_PR_OUT_DFF[0].FDRE_PER_N/C
                            (rising edge-triggered cell FDRE clocked by clk_fpga_0  {rise@0.000ns fall@10.000ns period=20.000ns})
  Destination:            design_1_i/RISCV_EYE_CORE_0/inst/inst_sv_top/core_inst/decode_stage_inst/register_file_inst/registers_reg[12][6]/CLR
                            (removal check against rising-edge clock clk_fpga_0  {rise@0.000ns fall@10.000ns period=20.000ns})
  Path Group:             **async_default**
  Path Type:              Removal (Min at Fast Process Corner)
  Requirement:            0.000ns  (clk_fpga_0 rise@0.000ns - clk_fpga_0 rise@0.000ns)
  Data Path Delay:        0.325ns  (logic 0.141ns (43.361%)  route 0.184ns (56.639%))
  Logic Levels:           0  
  Clock Path Skew:        0.033ns (DCD - SCD - CPR)
    Destination Clock Delay (DCD):    1.244ns
    Source Clock Delay      (SCD):    0.948ns
    Clock Pessimism Removal (CPR):    0.263ns

    Location             Delay type                Incr(ns)  Path(ns)    Netlist Resource(s)
  -------------------------------------------------------------------    -------------------
                         (clock clk_fpga_0 rise edge)
                                                      0.000     0.000 r  
    PS7_X0Y0             PS7                          0.000     0.000 r  design_1_i/processing_system7_0/inst/PS7_i/FCLKCLK[0]
                         net (fo=1, routed)           0.310     0.310    design_1_i/processing_system7_0/inst/FCLK_CLK_unbuffered[0]
    BUFGCTRL_X0Y16       BUFG (Prop_bufg_I_O)         0.026     0.336 r  design_1_i/processing_system7_0/inst/buffer_fclk_clk_0.FCLK_CLK_0_BUFG/O
                         net (fo=2319, routed)        0.612     0.948    design_1_i/rst_ps7_0_50M/U0/slowest_sync_clk
    SLICE_X1Y25          FDRE                                         r  design_1_i/rst_ps7_0_50M/U0/ACTIVE_LOW_PR_OUT_DFF[0].FDRE_PER_N/C
  -------------------------------------------------------------------    -------------------
    SLICE_X1Y25          FDRE (Prop_fdre_C_Q)         0.141     1.089 f  design_1_i/rst_ps7_0_50M/U0/ACTIVE_LOW_PR_OUT_DFF[0].FDRE_PER_N/Q
                         net (fo=1666, routed)        0.184     1.273    design_1_i/RISCV_EYE_CORE_0/inst/inst_sv_top/core_inst/decode_stage_inst/register_file_inst/reset
    SLICE_X4Y25          FDCE                                         f  design_1_i/RISCV_EYE_CORE_0/inst/inst_sv_top/core_inst/decode_stage_inst/register_file_inst/registers_reg[12][6]/CLR
  -------------------------------------------------------------------    -------------------

                         (clock clk_fpga_0 rise edge)
                                                      0.000     0.000 r  
    PS7_X0Y0             PS7                          0.000     0.000 r  design_1_i/processing_system7_0/inst/PS7_i/FCLKCLK[0]
                         net (fo=1, routed)           0.337     0.337    design_1_i/processing_system7_0/inst/FCLK_CLK_unbuffered[0]
    BUFGCTRL_X0Y16       BUFG (Prop_bufg_I_O)         0.029     0.366 r  design_1_i/processing_system7_0/inst/buffer_fclk_clk_0.FCLK_CLK_0_BUFG/O
                         net (fo=2319, routed)        0.878     1.244    design_1_i/RISCV_EYE_CORE_0/inst/inst_sv_top/core_inst/decode_stage_inst/register_file_inst/clk
    SLICE_X4Y25          FDCE                                         r  design_1_i/RISCV_EYE_CORE_0/inst/inst_sv_top/core_inst/decode_stage_inst/register_file_inst/registers_reg[12][6]/C
                         clock pessimism             -0.263     0.981    
    SLICE_X4Y25          FDCE (Remov_fdce_C_CLR)     -0.067     0.914    design_1_i/RISCV_EYE_CORE_0/inst/inst_sv_top/core_inst/decode_stage_inst/register_file_inst/registers_reg[12][6]
  -------------------------------------------------------------------
                         required time                         -0.914    
                         arrival time                           1.273    
  -------------------------------------------------------------------
                         slack                                  0.359    

Slack (MET) :             0.384ns  (arrival time - required time)
  Source:                 design_1_i/rst_ps7_0_50M/U0/ACTIVE_LOW_PR_OUT_DFF[0].FDRE_PER_N/C
                            (rising edge-triggered cell FDRE clocked by clk_fpga_0  {rise@0.000ns fall@10.000ns period=20.000ns})
  Destination:            design_1_i/RISCV_EYE_CORE_0/inst/inst_sv_top/core_inst/decode_stage_inst/register_file_inst/registers_reg[28][13]/CLR
                            (removal check against rising-edge clock clk_fpga_0  {rise@0.000ns fall@10.000ns period=20.000ns})
  Path Group:             **async_default**
  Path Type:              Removal (Min at Fast Process Corner)
  Requirement:            0.000ns  (clk_fpga_0 rise@0.000ns - clk_fpga_0 rise@0.000ns)
  Data Path Delay:        0.325ns  (logic 0.141ns (43.361%)  route 0.184ns (56.639%))
  Logic Levels:           0  
  Clock Path Skew:        0.033ns (DCD - SCD - CPR)
    Destination Clock Delay (DCD):    1.244ns
    Source Clock Delay      (SCD):    0.948ns
    Clock Pessimism Removal (CPR):    0.263ns

    Location             Delay type                Incr(ns)  Path(ns)    Netlist Resource(s)
  -------------------------------------------------------------------    -------------------
                         (clock clk_fpga_0 rise edge)
                                                      0.000     0.000 r  
    PS7_X0Y0             PS7                          0.000     0.000 r  design_1_i/processing_system7_0/inst/PS7_i/FCLKCLK[0]
                         net (fo=1, routed)           0.310     0.310    design_1_i/processing_system7_0/inst/FCLK_CLK_unbuffered[0]
    BUFGCTRL_X0Y16       BUFG (Prop_bufg_I_O)         0.026     0.336 r  design_1_i/processing_system7_0/inst/buffer_fclk_clk_0.FCLK_CLK_0_BUFG/O
                         net (fo=2319, routed)        0.612     0.948    design_1_i/rst_ps7_0_50M/U0/slowest_sync_clk
    SLICE_X1Y25          FDRE                                         r  design_1_i/rst_ps7_0_50M/U0/ACTIVE_LOW_PR_OUT_DFF[0].FDRE_PER_N/C
  -------------------------------------------------------------------    -------------------
    SLICE_X1Y25          FDRE (Prop_fdre_C_Q)         0.141     1.089 f  design_1_i/rst_ps7_0_50M/U0/ACTIVE_LOW_PR_OUT_DFF[0].FDRE_PER_N/Q
                         net (fo=1666, routed)        0.184     1.273    design_1_i/RISCV_EYE_CORE_0/inst/inst_sv_top/core_inst/decode_stage_inst/register_file_inst/reset
    SLICE_X5Y25          FDCE                                         f  design_1_i/RISCV_EYE_CORE_0/inst/inst_sv_top/core_inst/decode_stage_inst/register_file_inst/registers_reg[28][13]/CLR
  -------------------------------------------------------------------    -------------------

                         (clock clk_fpga_0 rise edge)
                                                      0.000     0.000 r  
    PS7_X0Y0             PS7                          0.000     0.000 r  design_1_i/processing_system7_0/inst/PS7_i/FCLKCLK[0]
                         net (fo=1, routed)           0.337     0.337    design_1_i/processing_system7_0/inst/FCLK_CLK_unbuffered[0]
    BUFGCTRL_X0Y16       BUFG (Prop_bufg_I_O)         0.029     0.366 r  design_1_i/processing_system7_0/inst/buffer_fclk_clk_0.FCLK_CLK_0_BUFG/O
                         net (fo=2319, routed)        0.878     1.244    design_1_i/RISCV_EYE_CORE_0/inst/inst_sv_top/core_inst/decode_stage_inst/register_file_inst/clk
    SLICE_X5Y25          FDCE                                         r  design_1_i/RISCV_EYE_CORE_0/inst/inst_sv_top/core_inst/decode_stage_inst/register_file_inst/registers_reg[28][13]/C
                         clock pessimism             -0.263     0.981    
    SLICE_X5Y25          FDCE (Remov_fdce_C_CLR)     -0.092     0.889    design_1_i/RISCV_EYE_CORE_0/inst/inst_sv_top/core_inst/decode_stage_inst/register_file_inst/registers_reg[28][13]
  -------------------------------------------------------------------
                         required time                         -0.888    
                         arrival time                           1.273    
  -------------------------------------------------------------------
                         slack                                  0.384    

Slack (MET) :             0.464ns  (arrival time - required time)
  Source:                 design_1_i/rst_ps7_0_50M/U0/ACTIVE_LOW_PR_OUT_DFF[0].FDRE_PER_N/C
                            (rising edge-triggered cell FDRE clocked by clk_fpga_0  {rise@0.000ns fall@10.000ns period=20.000ns})
  Destination:            design_1_i/RISCV_EYE_CORE_0/inst/inst_sv_top/core_inst/decode_stage_inst/register_file_inst/registers_reg[14][6]/CLR
                            (removal check against rising-edge clock clk_fpga_0  {rise@0.000ns fall@10.000ns period=20.000ns})
  Path Group:             **async_default**
  Path Type:              Removal (Min at Fast Process Corner)
  Requirement:            0.000ns  (clk_fpga_0 rise@0.000ns - clk_fpga_0 rise@0.000ns)
  Data Path Delay:        0.386ns  (logic 0.141ns (36.552%)  route 0.245ns (63.448%))
  Logic Levels:           0  
  Clock Path Skew:        0.014ns (DCD - SCD - CPR)
    Destination Clock Delay (DCD):    1.246ns
    Source Clock Delay      (SCD):    0.948ns
    Clock Pessimism Removal (CPR):    0.284ns

    Location             Delay type                Incr(ns)  Path(ns)    Netlist Resource(s)
  -------------------------------------------------------------------    -------------------
                         (clock clk_fpga_0 rise edge)
                                                      0.000     0.000 r  
    PS7_X0Y0             PS7                          0.000     0.000 r  design_1_i/processing_system7_0/inst/PS7_i/FCLKCLK[0]
                         net (fo=1, routed)           0.310     0.310    design_1_i/processing_system7_0/inst/FCLK_CLK_unbuffered[0]
    BUFGCTRL_X0Y16       BUFG (Prop_bufg_I_O)         0.026     0.336 r  design_1_i/processing_system7_0/inst/buffer_fclk_clk_0.FCLK_CLK_0_BUFG/O
                         net (fo=2319, routed)        0.612     0.948    design_1_i/rst_ps7_0_50M/U0/slowest_sync_clk
    SLICE_X1Y25          FDRE                                         r  design_1_i/rst_ps7_0_50M/U0/ACTIVE_LOW_PR_OUT_DFF[0].FDRE_PER_N/C
  -------------------------------------------------------------------    -------------------
    SLICE_X1Y25          FDRE (Prop_fdre_C_Q)         0.141     1.089 f  design_1_i/rst_ps7_0_50M/U0/ACTIVE_LOW_PR_OUT_DFF[0].FDRE_PER_N/Q
                         net (fo=1666, routed)        0.245     1.333    design_1_i/RISCV_EYE_CORE_0/inst/inst_sv_top/core_inst/decode_stage_inst/register_file_inst/reset
    SLICE_X1Y26          FDCE                                         f  design_1_i/RISCV_EYE_CORE_0/inst/inst_sv_top/core_inst/decode_stage_inst/register_file_inst/registers_reg[14][6]/CLR
  -------------------------------------------------------------------    -------------------

                         (clock clk_fpga_0 rise edge)
                                                      0.000     0.000 r  
    PS7_X0Y0             PS7                          0.000     0.000 r  design_1_i/processing_system7_0/inst/PS7_i/FCLKCLK[0]
                         net (fo=1, routed)           0.337     0.337    design_1_i/processing_system7_0/inst/FCLK_CLK_unbuffered[0]
    BUFGCTRL_X0Y16       BUFG (Prop_bufg_I_O)         0.029     0.366 r  design_1_i/processing_system7_0/inst/buffer_fclk_clk_0.FCLK_CLK_0_BUFG/O
                         net (fo=2319, routed)        0.880     1.246    design_1_i/RISCV_EYE_CORE_0/inst/inst_sv_top/core_inst/decode_stage_inst/register_file_inst/clk
    SLICE_X1Y26          FDCE                                         r  design_1_i/RISCV_EYE_CORE_0/inst/inst_sv_top/core_inst/decode_stage_inst/register_file_inst/registers_reg[14][6]/C
                         clock pessimism             -0.284     0.962    
    SLICE_X1Y26          FDCE (Remov_fdce_C_CLR)     -0.092     0.870    design_1_i/RISCV_EYE_CORE_0/inst/inst_sv_top/core_inst/decode_stage_inst/register_file_inst/registers_reg[14][6]
  -------------------------------------------------------------------
                         required time                         -0.869    
                         arrival time                           1.333    
  -------------------------------------------------------------------
                         slack                                  0.464    

Slack (MET) :             0.476ns  (arrival time - required time)
  Source:                 design_1_i/rst_ps7_0_50M/U0/ACTIVE_LOW_PR_OUT_DFF[0].FDRE_PER_N/C
                            (rising edge-triggered cell FDRE clocked by clk_fpga_0  {rise@0.000ns fall@10.000ns period=20.000ns})
  Destination:            design_1_i/RISCV_EYE_CORE_0/inst/inst_sv_top/core_inst/decode_stage_inst/register_file_inst/registers_reg[5][6]/CLR
                            (removal check against rising-edge clock clk_fpga_0  {rise@0.000ns fall@10.000ns period=20.000ns})
  Path Group:             **async_default**
  Path Type:              Removal (Min at Fast Process Corner)
  Requirement:            0.000ns  (clk_fpga_0 rise@0.000ns - clk_fpga_0 rise@0.000ns)
  Data Path Delay:        0.423ns  (logic 0.141ns (33.310%)  route 0.282ns (66.690%))
  Logic Levels:           0  
  Clock Path Skew:        0.014ns (DCD - SCD - CPR)
    Destination Clock Delay (DCD):    1.246ns
    Source Clock Delay      (SCD):    0.948ns
    Clock Pessimism Removal (CPR):    0.284ns

    Location             Delay type                Incr(ns)  Path(ns)    Netlist Resource(s)
  -------------------------------------------------------------------    -------------------
                         (clock clk_fpga_0 rise edge)
                                                      0.000     0.000 r  
    PS7_X0Y0             PS7                          0.000     0.000 r  design_1_i/processing_system7_0/inst/PS7_i/FCLKCLK[0]
                         net (fo=1, routed)           0.310     0.310    design_1_i/processing_system7_0/inst/FCLK_CLK_unbuffered[0]
    BUFGCTRL_X0Y16       BUFG (Prop_bufg_I_O)         0.026     0.336 r  design_1_i/processing_system7_0/inst/buffer_fclk_clk_0.FCLK_CLK_0_BUFG/O
                         net (fo=2319, routed)        0.612     0.948    design_1_i/rst_ps7_0_50M/U0/slowest_sync_clk
    SLICE_X1Y25          FDRE                                         r  design_1_i/rst_ps7_0_50M/U0/ACTIVE_LOW_PR_OUT_DFF[0].FDRE_PER_N/C
  -------------------------------------------------------------------    -------------------
    SLICE_X1Y25          FDRE (Prop_fdre_C_Q)         0.141     1.089 f  design_1_i/rst_ps7_0_50M/U0/ACTIVE_LOW_PR_OUT_DFF[0].FDRE_PER_N/Q
                         net (fo=1666, routed)        0.282     1.371    design_1_i/RISCV_EYE_CORE_0/inst/inst_sv_top/core_inst/decode_stage_inst/register_file_inst/reset
    SLICE_X2Y26          FDCE                                         f  design_1_i/RISCV_EYE_CORE_0/inst/inst_sv_top/core_inst/decode_stage_inst/register_file_inst/registers_reg[5][6]/CLR
  -------------------------------------------------------------------    -------------------

                         (clock clk_fpga_0 rise edge)
                                                      0.000     0.000 r  
    PS7_X0Y0             PS7                          0.000     0.000 r  design_1_i/processing_system7_0/inst/PS7_i/FCLKCLK[0]
                         net (fo=1, routed)           0.337     0.337    design_1_i/processing_system7_0/inst/FCLK_CLK_unbuffered[0]
    BUFGCTRL_X0Y16       BUFG (Prop_bufg_I_O)         0.029     0.366 r  design_1_i/processing_system7_0/inst/buffer_fclk_clk_0.FCLK_CLK_0_BUFG/O
                         net (fo=2319, routed)        0.880     1.246    design_1_i/RISCV_EYE_CORE_0/inst/inst_sv_top/core_inst/decode_stage_inst/register_file_inst/clk
    SLICE_X2Y26          FDCE                                         r  design_1_i/RISCV_EYE_CORE_0/inst/inst_sv_top/core_inst/decode_stage_inst/register_file_inst/registers_reg[5][6]/C
                         clock pessimism             -0.284     0.962    
    SLICE_X2Y26          FDCE (Remov_fdce_C_CLR)     -0.067     0.895    design_1_i/RISCV_EYE_CORE_0/inst/inst_sv_top/core_inst/decode_stage_inst/register_file_inst/registers_reg[5][6]
  -------------------------------------------------------------------
                         required time                         -0.894    
                         arrival time                           1.371    
  -------------------------------------------------------------------
                         slack                                  0.476    

Slack (MET) :             0.501ns  (arrival time - required time)
  Source:                 design_1_i/rst_ps7_0_50M/U0/ACTIVE_LOW_PR_OUT_DFF[0].FDRE_PER_N/C
                            (rising edge-triggered cell FDRE clocked by clk_fpga_0  {rise@0.000ns fall@10.000ns period=20.000ns})
  Destination:            design_1_i/RISCV_EYE_CORE_0/inst/inst_sv_top/core_inst/decode_stage_inst/register_file_inst/registers_reg[31][13]/CLR
                            (removal check against rising-edge clock clk_fpga_0  {rise@0.000ns fall@10.000ns period=20.000ns})
  Path Group:             **async_default**
  Path Type:              Removal (Min at Fast Process Corner)
  Requirement:            0.000ns  (clk_fpga_0 rise@0.000ns - clk_fpga_0 rise@0.000ns)
  Data Path Delay:        0.423ns  (logic 0.141ns (33.310%)  route 0.282ns (66.690%))
  Logic Levels:           0  
  Clock Path Skew:        0.014ns (DCD - SCD - CPR)
    Destination Clock Delay (DCD):    1.246ns
    Source Clock Delay      (SCD):    0.948ns
    Clock Pessimism Removal (CPR):    0.284ns

    Location             Delay type                Incr(ns)  Path(ns)    Netlist Resource(s)
  -------------------------------------------------------------------    -------------------
                         (clock clk_fpga_0 rise edge)
                                                      0.000     0.000 r  
    PS7_X0Y0             PS7                          0.000     0.000 r  design_1_i/processing_system7_0/inst/PS7_i/FCLKCLK[0]
                         net (fo=1, routed)           0.310     0.310    design_1_i/processing_system7_0/inst/FCLK_CLK_unbuffered[0]
    BUFGCTRL_X0Y16       BUFG (Prop_bufg_I_O)         0.026     0.336 r  design_1_i/processing_system7_0/inst/buffer_fclk_clk_0.FCLK_CLK_0_BUFG/O
                         net (fo=2319, routed)        0.612     0.948    design_1_i/rst_ps7_0_50M/U0/slowest_sync_clk
    SLICE_X1Y25          FDRE                                         r  design_1_i/rst_ps7_0_50M/U0/ACTIVE_LOW_PR_OUT_DFF[0].FDRE_PER_N/C
  -------------------------------------------------------------------    -------------------
    SLICE_X1Y25          FDRE (Prop_fdre_C_Q)         0.141     1.089 f  design_1_i/rst_ps7_0_50M/U0/ACTIVE_LOW_PR_OUT_DFF[0].FDRE_PER_N/Q
                         net (fo=1666, routed)        0.282     1.371    design_1_i/RISCV_EYE_CORE_0/inst/inst_sv_top/core_inst/decode_stage_inst/register_file_inst/reset
    SLICE_X3Y26          FDCE                                         f  design_1_i/RISCV_EYE_CORE_0/inst/inst_sv_top/core_inst/decode_stage_inst/register_file_inst/registers_reg[31][13]/CLR
  -------------------------------------------------------------------    -------------------

                         (clock clk_fpga_0 rise edge)
                                                      0.000     0.000 r  
    PS7_X0Y0             PS7                          0.000     0.000 r  design_1_i/processing_system7_0/inst/PS7_i/FCLKCLK[0]
                         net (fo=1, routed)           0.337     0.337    design_1_i/processing_system7_0/inst/FCLK_CLK_unbuffered[0]
    BUFGCTRL_X0Y16       BUFG (Prop_bufg_I_O)         0.029     0.366 r  design_1_i/processing_system7_0/inst/buffer_fclk_clk_0.FCLK_CLK_0_BUFG/O
                         net (fo=2319, routed)        0.880     1.246    design_1_i/RISCV_EYE_CORE_0/inst/inst_sv_top/core_inst/decode_stage_inst/register_file_inst/clk
    SLICE_X3Y26          FDCE                                         r  design_1_i/RISCV_EYE_CORE_0/inst/inst_sv_top/core_inst/decode_stage_inst/register_file_inst/registers_reg[31][13]/C
                         clock pessimism             -0.284     0.962    
    SLICE_X3Y26          FDCE (Remov_fdce_C_CLR)     -0.092     0.870    design_1_i/RISCV_EYE_CORE_0/inst/inst_sv_top/core_inst/decode_stage_inst/register_file_inst/registers_reg[31][13]
  -------------------------------------------------------------------
                         required time                         -0.869    
                         arrival time                           1.371    
  -------------------------------------------------------------------
                         slack                                  0.501    

Slack (MET) :             0.501ns  (arrival time - required time)
  Source:                 design_1_i/rst_ps7_0_50M/U0/ACTIVE_LOW_PR_OUT_DFF[0].FDRE_PER_N/C
                            (rising edge-triggered cell FDRE clocked by clk_fpga_0  {rise@0.000ns fall@10.000ns period=20.000ns})
  Destination:            design_1_i/RISCV_EYE_CORE_0/inst/inst_sv_top/core_inst/decode_stage_inst/register_file_inst/registers_reg[31][6]/CLR
                            (removal check against rising-edge clock clk_fpga_0  {rise@0.000ns fall@10.000ns period=20.000ns})
  Path Group:             **async_default**
  Path Type:              Removal (Min at Fast Process Corner)
  Requirement:            0.000ns  (clk_fpga_0 rise@0.000ns - clk_fpga_0 rise@0.000ns)
  Data Path Delay:        0.423ns  (logic 0.141ns (33.310%)  route 0.282ns (66.690%))
  Logic Levels:           0  
  Clock Path Skew:        0.014ns (DCD - SCD - CPR)
    Destination Clock Delay (DCD):    1.246ns
    Source Clock Delay      (SCD):    0.948ns
    Clock Pessimism Removal (CPR):    0.284ns

    Location             Delay type                Incr(ns)  Path(ns)    Netlist Resource(s)
  -------------------------------------------------------------------    -------------------
                         (clock clk_fpga_0 rise edge)
                                                      0.000     0.000 r  
    PS7_X0Y0             PS7                          0.000     0.000 r  design_1_i/processing_system7_0/inst/PS7_i/FCLKCLK[0]
                         net (fo=1, routed)           0.310     0.310    design_1_i/processing_system7_0/inst/FCLK_CLK_unbuffered[0]
    BUFGCTRL_X0Y16       BUFG (Prop_bufg_I_O)         0.026     0.336 r  design_1_i/processing_system7_0/inst/buffer_fclk_clk_0.FCLK_CLK_0_BUFG/O
                         net (fo=2319, routed)        0.612     0.948    design_1_i/rst_ps7_0_50M/U0/slowest_sync_clk
    SLICE_X1Y25          FDRE                                         r  design_1_i/rst_ps7_0_50M/U0/ACTIVE_LOW_PR_OUT_DFF[0].FDRE_PER_N/C
  -------------------------------------------------------------------    -------------------
    SLICE_X1Y25          FDRE (Prop_fdre_C_Q)         0.141     1.089 f  design_1_i/rst_ps7_0_50M/U0/ACTIVE_LOW_PR_OUT_DFF[0].FDRE_PER_N/Q
                         net (fo=1666, routed)        0.282     1.371    design_1_i/RISCV_EYE_CORE_0/inst/inst_sv_top/core_inst/decode_stage_inst/register_file_inst/reset
    SLICE_X3Y26          FDCE                                         f  design_1_i/RISCV_EYE_CORE_0/inst/inst_sv_top/core_inst/decode_stage_inst/register_file_inst/registers_reg[31][6]/CLR
  -------------------------------------------------------------------    -------------------

                         (clock clk_fpga_0 rise edge)
                                                      0.000     0.000 r  
    PS7_X0Y0             PS7                          0.000     0.000 r  design_1_i/processing_system7_0/inst/PS7_i/FCLKCLK[0]
                         net (fo=1, routed)           0.337     0.337    design_1_i/processing_system7_0/inst/FCLK_CLK_unbuffered[0]
    BUFGCTRL_X0Y16       BUFG (Prop_bufg_I_O)         0.029     0.366 r  design_1_i/processing_system7_0/inst/buffer_fclk_clk_0.FCLK_CLK_0_BUFG/O
                         net (fo=2319, routed)        0.880     1.246    design_1_i/RISCV_EYE_CORE_0/inst/inst_sv_top/core_inst/decode_stage_inst/register_file_inst/clk
    SLICE_X3Y26          FDCE                                         r  design_1_i/RISCV_EYE_CORE_0/inst/inst_sv_top/core_inst/decode_stage_inst/register_file_inst/registers_reg[31][6]/C
                         clock pessimism             -0.284     0.962    
    SLICE_X3Y26          FDCE (Remov_fdce_C_CLR)     -0.092     0.870    design_1_i/RISCV_EYE_CORE_0/inst/inst_sv_top/core_inst/decode_stage_inst/register_file_inst/registers_reg[31][6]
  -------------------------------------------------------------------
                         required time                         -0.869    
                         arrival time                           1.371    
  -------------------------------------------------------------------
                         slack                                  0.501    

Slack (MET) :             0.505ns  (arrival time - required time)
  Source:                 design_1_i/rst_ps7_0_50M/U0/ACTIVE_LOW_PR_OUT_DFF[0].FDRE_PER_N/C
                            (rising edge-triggered cell FDRE clocked by clk_fpga_0  {rise@0.000ns fall@10.000ns period=20.000ns})
  Destination:            design_1_i/RISCV_EYE_CORE_0/inst/inst_sv_top/core_inst/decode_stage_inst/register_file_inst/registers_reg[27][13]/CLR
                            (removal check against rising-edge clock clk_fpga_0  {rise@0.000ns fall@10.000ns period=20.000ns})
  Path Group:             **async_default**
  Path Type:              Removal (Min at Fast Process Corner)
  Requirement:            0.000ns  (clk_fpga_0 rise@0.000ns - clk_fpga_0 rise@0.000ns)
  Data Path Delay:        0.472ns  (logic 0.141ns (29.851%)  route 0.331ns (70.149%))
  Logic Levels:           0  
  Clock Path Skew:        0.034ns (DCD - SCD - CPR)
    Destination Clock Delay (DCD):    1.245ns
    Source Clock Delay      (SCD):    0.948ns
    Clock Pessimism Removal (CPR):    0.263ns

    Location             Delay type                Incr(ns)  Path(ns)    Netlist Resource(s)
  -------------------------------------------------------------------    -------------------
                         (clock clk_fpga_0 rise edge)
                                                      0.000     0.000 r  
    PS7_X0Y0             PS7                          0.000     0.000 r  design_1_i/processing_system7_0/inst/PS7_i/FCLKCLK[0]
                         net (fo=1, routed)           0.310     0.310    design_1_i/processing_system7_0/inst/FCLK_CLK_unbuffered[0]
    BUFGCTRL_X0Y16       BUFG (Prop_bufg_I_O)         0.026     0.336 r  design_1_i/processing_system7_0/inst/buffer_fclk_clk_0.FCLK_CLK_0_BUFG/O
                         net (fo=2319, routed)        0.612     0.948    design_1_i/rst_ps7_0_50M/U0/slowest_sync_clk
    SLICE_X1Y25          FDRE                                         r  design_1_i/rst_ps7_0_50M/U0/ACTIVE_LOW_PR_OUT_DFF[0].FDRE_PER_N/C
  -------------------------------------------------------------------    -------------------
    SLICE_X1Y25          FDRE (Prop_fdre_C_Q)         0.141     1.089 f  design_1_i/rst_ps7_0_50M/U0/ACTIVE_LOW_PR_OUT_DFF[0].FDRE_PER_N/Q
                         net (fo=1666, routed)        0.331     1.420    design_1_i/RISCV_EYE_CORE_0/inst/inst_sv_top/core_inst/decode_stage_inst/register_file_inst/reset
    SLICE_X4Y26          FDCE                                         f  design_1_i/RISCV_EYE_CORE_0/inst/inst_sv_top/core_inst/decode_stage_inst/register_file_inst/registers_reg[27][13]/CLR
  -------------------------------------------------------------------    -------------------

                         (clock clk_fpga_0 rise edge)
                                                      0.000     0.000 r  
    PS7_X0Y0             PS7                          0.000     0.000 r  design_1_i/processing_system7_0/inst/PS7_i/FCLKCLK[0]
                         net (fo=1, routed)           0.337     0.337    design_1_i/processing_system7_0/inst/FCLK_CLK_unbuffered[0]
    BUFGCTRL_X0Y16       BUFG (Prop_bufg_I_O)         0.029     0.366 r  design_1_i/processing_system7_0/inst/buffer_fclk_clk_0.FCLK_CLK_0_BUFG/O
                         net (fo=2319, routed)        0.879     1.245    design_1_i/RISCV_EYE_CORE_0/inst/inst_sv_top/core_inst/decode_stage_inst/register_file_inst/clk
    SLICE_X4Y26          FDCE                                         r  design_1_i/RISCV_EYE_CORE_0/inst/inst_sv_top/core_inst/decode_stage_inst/register_file_inst/registers_reg[27][13]/C
                         clock pessimism             -0.263     0.982    
    SLICE_X4Y26          FDCE (Remov_fdce_C_CLR)     -0.067     0.914    design_1_i/RISCV_EYE_CORE_0/inst/inst_sv_top/core_inst/decode_stage_inst/register_file_inst/registers_reg[27][13]
  -------------------------------------------------------------------
                         required time                         -0.914    
                         arrival time                           1.420    
  -------------------------------------------------------------------
                         slack                                  0.505    

Slack (MET) :             0.505ns  (arrival time - required time)
  Source:                 design_1_i/rst_ps7_0_50M/U0/ACTIVE_LOW_PR_OUT_DFF[0].FDRE_PER_N/C
                            (rising edge-triggered cell FDRE clocked by clk_fpga_0  {rise@0.000ns fall@10.000ns period=20.000ns})
  Destination:            design_1_i/RISCV_EYE_CORE_0/inst/inst_sv_top/core_inst/decode_stage_inst/register_file_inst/registers_reg[27][6]/CLR
                            (removal check against rising-edge clock clk_fpga_0  {rise@0.000ns fall@10.000ns period=20.000ns})
  Path Group:             **async_default**
  Path Type:              Removal (Min at Fast Process Corner)
  Requirement:            0.000ns  (clk_fpga_0 rise@0.000ns - clk_fpga_0 rise@0.000ns)
  Data Path Delay:        0.472ns  (logic 0.141ns (29.851%)  route 0.331ns (70.149%))
  Logic Levels:           0  
  Clock Path Skew:        0.034ns (DCD - SCD - CPR)
    Destination Clock Delay (DCD):    1.245ns
    Source Clock Delay      (SCD):    0.948ns
    Clock Pessimism Removal (CPR):    0.263ns

    Location             Delay type                Incr(ns)  Path(ns)    Netlist Resource(s)
  -------------------------------------------------------------------    -------------------
                         (clock clk_fpga_0 rise edge)
                                                      0.000     0.000 r  
    PS7_X0Y0             PS7                          0.000     0.000 r  design_1_i/processing_system7_0/inst/PS7_i/FCLKCLK[0]
                         net (fo=1, routed)           0.310     0.310    design_1_i/processing_system7_0/inst/FCLK_CLK_unbuffered[0]
    BUFGCTRL_X0Y16       BUFG (Prop_bufg_I_O)         0.026     0.336 r  design_1_i/processing_system7_0/inst/buffer_fclk_clk_0.FCLK_CLK_0_BUFG/O
                         net (fo=2319, routed)        0.612     0.948    design_1_i/rst_ps7_0_50M/U0/slowest_sync_clk
    SLICE_X1Y25          FDRE                                         r  design_1_i/rst_ps7_0_50M/U0/ACTIVE_LOW_PR_OUT_DFF[0].FDRE_PER_N/C
  -------------------------------------------------------------------    -------------------
    SLICE_X1Y25          FDRE (Prop_fdre_C_Q)         0.141     1.089 f  design_1_i/rst_ps7_0_50M/U0/ACTIVE_LOW_PR_OUT_DFF[0].FDRE_PER_N/Q
                         net (fo=1666, routed)        0.331     1.420    design_1_i/RISCV_EYE_CORE_0/inst/inst_sv_top/core_inst/decode_stage_inst/register_file_inst/reset
    SLICE_X4Y26          FDCE                                         f  design_1_i/RISCV_EYE_CORE_0/inst/inst_sv_top/core_inst/decode_stage_inst/register_file_inst/registers_reg[27][6]/CLR
  -------------------------------------------------------------------    -------------------

                         (clock clk_fpga_0 rise edge)
                                                      0.000     0.000 r  
    PS7_X0Y0             PS7                          0.000     0.000 r  design_1_i/processing_system7_0/inst/PS7_i/FCLKCLK[0]
                         net (fo=1, routed)           0.337     0.337    design_1_i/processing_system7_0/inst/FCLK_CLK_unbuffered[0]
    BUFGCTRL_X0Y16       BUFG (Prop_bufg_I_O)         0.029     0.366 r  design_1_i/processing_system7_0/inst/buffer_fclk_clk_0.FCLK_CLK_0_BUFG/O
                         net (fo=2319, routed)        0.879     1.245    design_1_i/RISCV_EYE_CORE_0/inst/inst_sv_top/core_inst/decode_stage_inst/register_file_inst/clk
    SLICE_X4Y26          FDCE                                         r  design_1_i/RISCV_EYE_CORE_0/inst/inst_sv_top/core_inst/decode_stage_inst/register_file_inst/registers_reg[27][6]/C
                         clock pessimism             -0.263     0.982    
    SLICE_X4Y26          FDCE (Remov_fdce_C_CLR)     -0.067     0.914    design_1_i/RISCV_EYE_CORE_0/inst/inst_sv_top/core_inst/decode_stage_inst/register_file_inst/registers_reg[27][6]
  -------------------------------------------------------------------
                         required time                         -0.914    
                         arrival time                           1.420    
  -------------------------------------------------------------------
                         slack                                  0.505    

Slack (MET) :             0.523ns  (arrival time - required time)
  Source:                 design_1_i/rst_ps7_0_50M/U0/ACTIVE_LOW_PR_OUT_DFF[0].FDRE_PER_N/C
                            (rising edge-triggered cell FDRE clocked by clk_fpga_0  {rise@0.000ns fall@10.000ns period=20.000ns})
  Destination:            design_1_i/RISCV_EYE_CORE_0/inst/inst_sv_top/core_inst/decode_stage_inst/register_file_inst/registers_reg[23][6]/CLR
                            (removal check against rising-edge clock clk_fpga_0  {rise@0.000ns fall@10.000ns period=20.000ns})
  Path Group:             **async_default**
  Path Type:              Removal (Min at Fast Process Corner)
  Requirement:            0.000ns  (clk_fpga_0 rise@0.000ns - clk_fpga_0 rise@0.000ns)
  Data Path Delay:        0.490ns  (logic 0.141ns (28.755%)  route 0.349ns (71.245%))
  Logic Levels:           0  
  Clock Path Skew:        0.034ns (DCD - SCD - CPR)
    Destination Clock Delay (DCD):    1.245ns
    Source Clock Delay      (SCD):    0.948ns
    Clock Pessimism Removal (CPR):    0.263ns

    Location             Delay type                Incr(ns)  Path(ns)    Netlist Resource(s)
  -------------------------------------------------------------------    -------------------
                         (clock clk_fpga_0 rise edge)
                                                      0.000     0.000 r  
    PS7_X0Y0             PS7                          0.000     0.000 r  design_1_i/processing_system7_0/inst/PS7_i/FCLKCLK[0]
                         net (fo=1, routed)           0.310     0.310    design_1_i/processing_system7_0/inst/FCLK_CLK_unbuffered[0]
    BUFGCTRL_X0Y16       BUFG (Prop_bufg_I_O)         0.026     0.336 r  design_1_i/processing_system7_0/inst/buffer_fclk_clk_0.FCLK_CLK_0_BUFG/O
                         net (fo=2319, routed)        0.612     0.948    design_1_i/rst_ps7_0_50M/U0/slowest_sync_clk
    SLICE_X1Y25          FDRE                                         r  design_1_i/rst_ps7_0_50M/U0/ACTIVE_LOW_PR_OUT_DFF[0].FDRE_PER_N/C
  -------------------------------------------------------------------    -------------------
    SLICE_X1Y25          FDRE (Prop_fdre_C_Q)         0.141     1.089 f  design_1_i/rst_ps7_0_50M/U0/ACTIVE_LOW_PR_OUT_DFF[0].FDRE_PER_N/Q
                         net (fo=1666, routed)        0.349     1.438    design_1_i/RISCV_EYE_CORE_0/inst/inst_sv_top/core_inst/decode_stage_inst/register_file_inst/reset
    SLICE_X6Y26          FDCE                                         f  design_1_i/RISCV_EYE_CORE_0/inst/inst_sv_top/core_inst/decode_stage_inst/register_file_inst/registers_reg[23][6]/CLR
  -------------------------------------------------------------------    -------------------

                         (clock clk_fpga_0 rise edge)
                                                      0.000     0.000 r  
    PS7_X0Y0             PS7                          0.000     0.000 r  design_1_i/processing_system7_0/inst/PS7_i/FCLKCLK[0]
                         net (fo=1, routed)           0.337     0.337    design_1_i/processing_system7_0/inst/FCLK_CLK_unbuffered[0]
    BUFGCTRL_X0Y16       BUFG (Prop_bufg_I_O)         0.029     0.366 r  design_1_i/processing_system7_0/inst/buffer_fclk_clk_0.FCLK_CLK_0_BUFG/O
                         net (fo=2319, routed)        0.879     1.245    design_1_i/RISCV_EYE_CORE_0/inst/inst_sv_top/core_inst/decode_stage_inst/register_file_inst/clk
    SLICE_X6Y26          FDCE                                         r  design_1_i/RISCV_EYE_CORE_0/inst/inst_sv_top/core_inst/decode_stage_inst/register_file_inst/registers_reg[23][6]/C
                         clock pessimism             -0.263     0.982    
    SLICE_X6Y26          FDCE (Remov_fdce_C_CLR)     -0.067     0.914    design_1_i/RISCV_EYE_CORE_0/inst/inst_sv_top/core_inst/decode_stage_inst/register_file_inst/registers_reg[23][6]
  -------------------------------------------------------------------
                         required time                         -0.914    
                         arrival time                           1.438    
  -------------------------------------------------------------------
                         slack                                  0.523    





--------------------------------------------------------------------------------------
Path Group:  (none)
From Clock:  
  To Clock:  clk_fpga_0

Max Delay             1 Endpoint
Min Delay             1 Endpoint
--------------------------------------------------------------------------------------


Max Delay Paths
--------------------------------------------------------------------------------------
Slack:                    inf
  Source:                 design_1_i/processing_system7_0/inst/PS7_i/FCLKRESETN[0]
                            (internal pin)
  Destination:            design_1_i/rst_ps7_0_50M/U0/EXT_LPF/ACTIVE_LOW_EXT.ACT_LO_EXT/GENERATE_LEVEL_P_S_CDC.SINGLE_BIT.CROSS_PLEVEL_IN2SCNDRY_IN_cdc_to/D
                            (rising edge-triggered cell FDRE clocked by clk_fpga_0  {rise@0.000ns fall@10.000ns period=20.000ns})
  Path Group:             (none)
  Path Type:              Setup (Max at Slow Process Corner)
  Data Path Delay:        3.635ns  (logic 0.124ns (3.411%)  route 3.511ns (96.589%))
  Logic Levels:           1  (LUT1=1)
  Clock Uncertainty:      0.301ns  ((TSJ^2 + TIJ^2)^1/2 + DJ) / 2 + PE
    Total System Jitter     (TSJ):    0.050ns
    Total Input Jitter      (TIJ):    0.600ns
    Discrete Jitter          (DJ):    0.000ns
    Phase Error              (PE):    0.000ns
  Timing Exception:       False Path

    Location             Delay type                Incr(ns)  Path(ns)    Netlist Resource(s)
  -------------------------------------------------------------------    -------------------
    PS7_X0Y0             PS7                          0.000     0.000 f  design_1_i/processing_system7_0/inst/PS7_i/FCLKRESETN[0]
                         net (fo=1, routed)           3.511     3.511    design_1_i/rst_ps7_0_50M/U0/EXT_LPF/ACTIVE_LOW_EXT.ACT_LO_EXT/ext_reset_in
    SLICE_X6Y23          LUT1 (Prop_lut1_I0_O)        0.124     3.635 r  design_1_i/rst_ps7_0_50M/U0/EXT_LPF/ACTIVE_LOW_EXT.ACT_LO_EXT/GENERATE_LEVEL_P_S_CDC.SINGLE_BIT.CROSS_PLEVEL_IN2SCNDRY_IN_cdc_to_i_1/O
                         net (fo=1, routed)           0.000     3.635    design_1_i/rst_ps7_0_50M/U0/EXT_LPF/ACTIVE_LOW_EXT.ACT_LO_EXT/exr_d1
    SLICE_X6Y23          FDRE                                         r  design_1_i/rst_ps7_0_50M/U0/EXT_LPF/ACTIVE_LOW_EXT.ACT_LO_EXT/GENERATE_LEVEL_P_S_CDC.SINGLE_BIT.CROSS_PLEVEL_IN2SCNDRY_IN_cdc_to/D
  -------------------------------------------------------------------    -------------------

                         (clock clk_fpga_0 rise edge)
                                                      0.000     0.000 r  
    PS7_X0Y0             PS7                          0.000     0.000 r  design_1_i/processing_system7_0/inst/PS7_i/FCLKCLK[0]
                         net (fo=1, routed)           1.088     1.088    design_1_i/processing_system7_0/inst/FCLK_CLK_unbuffered[0]
    BUFGCTRL_X0Y16       BUFG (Prop_bufg_I_O)         0.091     1.179 r  design_1_i/processing_system7_0/inst/buffer_fclk_clk_0.FCLK_CLK_0_BUFG/O
                         net (fo=2319, routed)        1.643     2.822    design_1_i/rst_ps7_0_50M/U0/EXT_LPF/ACTIVE_LOW_EXT.ACT_LO_EXT/slowest_sync_clk
    SLICE_X6Y23          FDRE                                         r  design_1_i/rst_ps7_0_50M/U0/EXT_LPF/ACTIVE_LOW_EXT.ACT_LO_EXT/GENERATE_LEVEL_P_S_CDC.SINGLE_BIT.CROSS_PLEVEL_IN2SCNDRY_IN_cdc_to/C





Min Delay Paths
--------------------------------------------------------------------------------------
Slack:                    inf
  Source:                 design_1_i/processing_system7_0/inst/PS7_i/FCLKRESETN[0]
                            (internal pin)
  Destination:            design_1_i/rst_ps7_0_50M/U0/EXT_LPF/ACTIVE_LOW_EXT.ACT_LO_EXT/GENERATE_LEVEL_P_S_CDC.SINGLE_BIT.CROSS_PLEVEL_IN2SCNDRY_IN_cdc_to/D
                            (rising edge-triggered cell FDRE clocked by clk_fpga_0  {rise@0.000ns fall@10.000ns period=20.000ns})
  Path Group:             (none)
  Path Type:              Hold (Min at Fast Process Corner)
  Data Path Delay:        1.619ns  (logic 0.045ns (2.780%)  route 1.574ns (97.220%))
  Logic Levels:           1  (LUT1=1)
  Clock Uncertainty:      0.301ns  ((TSJ^2 + TIJ^2)^1/2 + DJ) / 2 + PE
    Total System Jitter     (TSJ):    0.050ns
    Total Input Jitter      (TIJ):    0.600ns
    Discrete Jitter          (DJ):    0.000ns
    Phase Error              (PE):    0.000ns
  Timing Exception:       False Path

    Location             Delay type                Incr(ns)  Path(ns)    Netlist Resource(s)
  -------------------------------------------------------------------    -------------------
    PS7_X0Y0             PS7                          0.000     0.000 f  design_1_i/processing_system7_0/inst/PS7_i/FCLKRESETN[0]
                         net (fo=1, routed)           1.574     1.574    design_1_i/rst_ps7_0_50M/U0/EXT_LPF/ACTIVE_LOW_EXT.ACT_LO_EXT/ext_reset_in
    SLICE_X6Y23          LUT1 (Prop_lut1_I0_O)        0.045     1.619 r  design_1_i/rst_ps7_0_50M/U0/EXT_LPF/ACTIVE_LOW_EXT.ACT_LO_EXT/GENERATE_LEVEL_P_S_CDC.SINGLE_BIT.CROSS_PLEVEL_IN2SCNDRY_IN_cdc_to_i_1/O
                         net (fo=1, routed)           0.000     1.619    design_1_i/rst_ps7_0_50M/U0/EXT_LPF/ACTIVE_LOW_EXT.ACT_LO_EXT/exr_d1
    SLICE_X6Y23          FDRE                                         r  design_1_i/rst_ps7_0_50M/U0/EXT_LPF/ACTIVE_LOW_EXT.ACT_LO_EXT/GENERATE_LEVEL_P_S_CDC.SINGLE_BIT.CROSS_PLEVEL_IN2SCNDRY_IN_cdc_to/D
  -------------------------------------------------------------------    -------------------

                         (clock clk_fpga_0 rise edge)
                                                      0.000     0.000 r  
    PS7_X0Y0             PS7                          0.000     0.000 r  design_1_i/processing_system7_0/inst/PS7_i/FCLKCLK[0]
                         net (fo=1, routed)           0.337     0.337    design_1_i/processing_system7_0/inst/FCLK_CLK_unbuffered[0]
    BUFGCTRL_X0Y16       BUFG (Prop_bufg_I_O)         0.029     0.366 r  design_1_i/processing_system7_0/inst/buffer_fclk_clk_0.FCLK_CLK_0_BUFG/O
                         net (fo=2319, routed)        0.879     1.245    design_1_i/rst_ps7_0_50M/U0/EXT_LPF/ACTIVE_LOW_EXT.ACT_LO_EXT/slowest_sync_clk
    SLICE_X6Y23          FDRE                                         r  design_1_i/rst_ps7_0_50M/U0/EXT_LPF/ACTIVE_LOW_EXT.ACT_LO_EXT/GENERATE_LEVEL_P_S_CDC.SINGLE_BIT.CROSS_PLEVEL_IN2SCNDRY_IN_cdc_to/C





--------------------------------------------------------------------------------------
Path Group:  (none)
From Clock:  clk_fpga_0
  To Clock:  clk_fpga_0

Max Delay             6 Endpoints
Min Delay             6 Endpoints
--------------------------------------------------------------------------------------


Max Delay Paths
--------------------------------------------------------------------------------------
Slack:                    inf
  Source:                 design_1_i/rst_ps7_0_50M/U0/ACTIVE_LOW_PR_OUT_DFF[0].FDRE_PER_N/C
                            (rising edge-triggered cell FDRE clocked by clk_fpga_0  {rise@0.000ns fall@10.000ns period=20.000ns})
  Destination:            <hidden>
                            (recovery check against rising-edge clock clk_fpga_0  {rise@0.000ns fall@10.000ns period=20.000ns})
  Path Group:             (none)
  Path Type:              Recovery (Max at Slow Process Corner)
  Data Path Delay:        11.209ns  (logic 0.580ns (5.174%)  route 10.629ns (94.826%))
  Logic Levels:           1  (LUT1=1)
  Clock Path Skew:        -0.362ns (DCD - SCD + CPR)
    Destination Clock Delay (DCD):    2.750ns
    Source Clock Delay      (SCD):    3.112ns
    Clock Pessimism Removal (CPR):    0.000ns
  Clock Uncertainty:      0.302ns  ((TSJ^2 + TIJ^2)^1/2 + DJ) / 2 + PE
    Total System Jitter     (TSJ):    0.071ns
    Total Input Jitter      (TIJ):    0.600ns
    Discrete Jitter          (DJ):    0.000ns
    Phase Error              (PE):    0.000ns
  Timing Exception:       False Path

    Location             Delay type                Incr(ns)  Path(ns)    Netlist Resource(s)
  -------------------------------------------------------------------    -------------------
                         (clock clk_fpga_0 rise edge)
                                                      0.000     0.000 r  
    PS7_X0Y0             PS7                          0.000     0.000 r  design_1_i/processing_system7_0/inst/PS7_i/FCLKCLK[0]
                         net (fo=1, routed)           1.193     1.193    design_1_i/processing_system7_0/inst/FCLK_CLK_unbuffered[0]
    BUFGCTRL_X0Y16       BUFG (Prop_bufg_I_O)         0.101     1.294 r  design_1_i/processing_system7_0/inst/buffer_fclk_clk_0.FCLK_CLK_0_BUFG/O
                         net (fo=2319, routed)        1.818     3.112    design_1_i/rst_ps7_0_50M/U0/slowest_sync_clk
    SLICE_X1Y25          FDRE                                         r  design_1_i/rst_ps7_0_50M/U0/ACTIVE_LOW_PR_OUT_DFF[0].FDRE_PER_N/C
  -------------------------------------------------------------------    -------------------
    SLICE_X1Y25          FDRE (Prop_fdre_C_Q)         0.456     3.568 r  design_1_i/rst_ps7_0_50M/U0/ACTIVE_LOW_PR_OUT_DFF[0].FDRE_PER_N/Q
                         net (fo=1666, routed)        9.128    12.696    design_1_i/axi_mem_intercon/s00_couplers/auto_pc/inst/gen_axi4_axi3.axi3_conv_inst/USE_WRITE.write_addr_inst/USE_BURSTS.cmd_queue/inst/aresetn
    SLICE_X32Y54         LUT1 (Prop_lut1_I0_O)        0.124    12.820 f  design_1_i/axi_mem_intercon/s00_couplers/auto_pc/inst/gen_axi4_axi3.axi3_conv_inst/USE_WRITE.write_addr_inst/USE_BURSTS.cmd_queue/inst/S_AXI_AREADY_I_i_1/O
                         net (fo=99, routed)          1.501    14.321    <hidden>
    SLICE_X29Y45         FDPE                                         f  <hidden>
  -------------------------------------------------------------------    -------------------

                         (clock clk_fpga_0 rise edge)
                                                      0.000     0.000 r  
    PS7_X0Y0             PS7                          0.000     0.000 r  design_1_i/processing_system7_0/inst/PS7_i/FCLKCLK[0]
                         net (fo=1, routed)           1.088     1.088    design_1_i/processing_system7_0/inst/FCLK_CLK_unbuffered[0]
    BUFGCTRL_X0Y16       BUFG (Prop_bufg_I_O)         0.091     1.179 r  design_1_i/processing_system7_0/inst/buffer_fclk_clk_0.FCLK_CLK_0_BUFG/O
                         net (fo=2319, routed)        1.571     2.750    <hidden>
    SLICE_X29Y45         FDPE                                         r  <hidden>

Slack:                    inf
  Source:                 design_1_i/rst_ps7_0_50M/U0/ACTIVE_LOW_PR_OUT_DFF[0].FDRE_PER_N/C
                            (rising edge-triggered cell FDRE clocked by clk_fpga_0  {rise@0.000ns fall@10.000ns period=20.000ns})
  Destination:            <hidden>
                            (recovery check against rising-edge clock clk_fpga_0  {rise@0.000ns fall@10.000ns period=20.000ns})
  Path Group:             (none)
  Path Type:              Recovery (Max at Slow Process Corner)
  Data Path Delay:        11.209ns  (logic 0.580ns (5.174%)  route 10.629ns (94.826%))
  Logic Levels:           1  (LUT1=1)
  Clock Path Skew:        -0.362ns (DCD - SCD + CPR)
    Destination Clock Delay (DCD):    2.750ns
    Source Clock Delay      (SCD):    3.112ns
    Clock Pessimism Removal (CPR):    0.000ns
  Clock Uncertainty:      0.302ns  ((TSJ^2 + TIJ^2)^1/2 + DJ) / 2 + PE
    Total System Jitter     (TSJ):    0.071ns
    Total Input Jitter      (TIJ):    0.600ns
    Discrete Jitter          (DJ):    0.000ns
    Phase Error              (PE):    0.000ns
  Timing Exception:       False Path

    Location             Delay type                Incr(ns)  Path(ns)    Netlist Resource(s)
  -------------------------------------------------------------------    -------------------
                         (clock clk_fpga_0 rise edge)
                                                      0.000     0.000 r  
    PS7_X0Y0             PS7                          0.000     0.000 r  design_1_i/processing_system7_0/inst/PS7_i/FCLKCLK[0]
                         net (fo=1, routed)           1.193     1.193    design_1_i/processing_system7_0/inst/FCLK_CLK_unbuffered[0]
    BUFGCTRL_X0Y16       BUFG (Prop_bufg_I_O)         0.101     1.294 r  design_1_i/processing_system7_0/inst/buffer_fclk_clk_0.FCLK_CLK_0_BUFG/O
                         net (fo=2319, routed)        1.818     3.112    design_1_i/rst_ps7_0_50M/U0/slowest_sync_clk
    SLICE_X1Y25          FDRE                                         r  design_1_i/rst_ps7_0_50M/U0/ACTIVE_LOW_PR_OUT_DFF[0].FDRE_PER_N/C
  -------------------------------------------------------------------    -------------------
    SLICE_X1Y25          FDRE (Prop_fdre_C_Q)         0.456     3.568 r  design_1_i/rst_ps7_0_50M/U0/ACTIVE_LOW_PR_OUT_DFF[0].FDRE_PER_N/Q
                         net (fo=1666, routed)        9.128    12.696    design_1_i/axi_mem_intercon/s00_couplers/auto_pc/inst/gen_axi4_axi3.axi3_conv_inst/USE_WRITE.write_addr_inst/USE_BURSTS.cmd_queue/inst/aresetn
    SLICE_X32Y54         LUT1 (Prop_lut1_I0_O)        0.124    12.820 f  design_1_i/axi_mem_intercon/s00_couplers/auto_pc/inst/gen_axi4_axi3.axi3_conv_inst/USE_WRITE.write_addr_inst/USE_BURSTS.cmd_queue/inst/S_AXI_AREADY_I_i_1/O
                         net (fo=99, routed)          1.501    14.321    <hidden>
    SLICE_X29Y45         FDPE                                         f  <hidden>
  -------------------------------------------------------------------    -------------------

                         (clock clk_fpga_0 rise edge)
                                                      0.000     0.000 r  
    PS7_X0Y0             PS7                          0.000     0.000 r  design_1_i/processing_system7_0/inst/PS7_i/FCLKCLK[0]
                         net (fo=1, routed)           1.088     1.088    design_1_i/processing_system7_0/inst/FCLK_CLK_unbuffered[0]
    BUFGCTRL_X0Y16       BUFG (Prop_bufg_I_O)         0.091     1.179 r  design_1_i/processing_system7_0/inst/buffer_fclk_clk_0.FCLK_CLK_0_BUFG/O
                         net (fo=2319, routed)        1.571     2.750    <hidden>
    SLICE_X29Y45         FDPE                                         r  <hidden>

Slack:                    inf
  Source:                 design_1_i/rst_ps7_0_50M/U0/ACTIVE_LOW_PR_OUT_DFF[0].FDRE_PER_N/C
                            (rising edge-triggered cell FDRE clocked by clk_fpga_0  {rise@0.000ns fall@10.000ns period=20.000ns})
  Destination:            <hidden>
                            (recovery check against rising-edge clock clk_fpga_0  {rise@0.000ns fall@10.000ns period=20.000ns})
  Path Group:             (none)
  Path Type:              Recovery (Max at Slow Process Corner)
  Data Path Delay:        10.929ns  (logic 0.580ns (5.307%)  route 10.349ns (94.693%))
  Logic Levels:           1  (LUT1=1)
  Clock Path Skew:        -0.362ns (DCD - SCD + CPR)
    Destination Clock Delay (DCD):    2.750ns
    Source Clock Delay      (SCD):    3.112ns
    Clock Pessimism Removal (CPR):    0.000ns
  Clock Uncertainty:      0.302ns  ((TSJ^2 + TIJ^2)^1/2 + DJ) / 2 + PE
    Total System Jitter     (TSJ):    0.071ns
    Total Input Jitter      (TIJ):    0.600ns
    Discrete Jitter          (DJ):    0.000ns
    Phase Error              (PE):    0.000ns
  Timing Exception:       False Path

    Location             Delay type                Incr(ns)  Path(ns)    Netlist Resource(s)
  -------------------------------------------------------------------    -------------------
                         (clock clk_fpga_0 rise edge)
                                                      0.000     0.000 r  
    PS7_X0Y0             PS7                          0.000     0.000 r  design_1_i/processing_system7_0/inst/PS7_i/FCLKCLK[0]
                         net (fo=1, routed)           1.193     1.193    design_1_i/processing_system7_0/inst/FCLK_CLK_unbuffered[0]
    BUFGCTRL_X0Y16       BUFG (Prop_bufg_I_O)         0.101     1.294 r  design_1_i/processing_system7_0/inst/buffer_fclk_clk_0.FCLK_CLK_0_BUFG/O
                         net (fo=2319, routed)        1.818     3.112    design_1_i/rst_ps7_0_50M/U0/slowest_sync_clk
    SLICE_X1Y25          FDRE                                         r  design_1_i/rst_ps7_0_50M/U0/ACTIVE_LOW_PR_OUT_DFF[0].FDRE_PER_N/C
  -------------------------------------------------------------------    -------------------
    SLICE_X1Y25          FDRE (Prop_fdre_C_Q)         0.456     3.568 r  design_1_i/rst_ps7_0_50M/U0/ACTIVE_LOW_PR_OUT_DFF[0].FDRE_PER_N/Q
                         net (fo=1666, routed)        9.128    12.696    design_1_i/axi_mem_intercon/s00_couplers/auto_pc/inst/gen_axi4_axi3.axi3_conv_inst/USE_WRITE.write_addr_inst/USE_BURSTS.cmd_queue/inst/aresetn
    SLICE_X32Y54         LUT1 (Prop_lut1_I0_O)        0.124    12.820 f  design_1_i/axi_mem_intercon/s00_couplers/auto_pc/inst/gen_axi4_axi3.axi3_conv_inst/USE_WRITE.write_addr_inst/USE_BURSTS.cmd_queue/inst/S_AXI_AREADY_I_i_1/O
                         net (fo=99, routed)          1.221    14.041    <hidden>
    SLICE_X30Y44         FDPE                                         f  <hidden>
  -------------------------------------------------------------------    -------------------

                         (clock clk_fpga_0 rise edge)
                                                      0.000     0.000 r  
    PS7_X0Y0             PS7                          0.000     0.000 r  design_1_i/processing_system7_0/inst/PS7_i/FCLKCLK[0]
                         net (fo=1, routed)           1.088     1.088    design_1_i/processing_system7_0/inst/FCLK_CLK_unbuffered[0]
    BUFGCTRL_X0Y16       BUFG (Prop_bufg_I_O)         0.091     1.179 r  design_1_i/processing_system7_0/inst/buffer_fclk_clk_0.FCLK_CLK_0_BUFG/O
                         net (fo=2319, routed)        1.571     2.750    <hidden>
    SLICE_X30Y44         FDPE                                         r  <hidden>

Slack:                    inf
  Source:                 design_1_i/rst_ps7_0_50M/U0/ACTIVE_LOW_PR_OUT_DFF[0].FDRE_PER_N/C
                            (rising edge-triggered cell FDRE clocked by clk_fpga_0  {rise@0.000ns fall@10.000ns period=20.000ns})
  Destination:            <hidden>
                            (recovery check against rising-edge clock clk_fpga_0  {rise@0.000ns fall@10.000ns period=20.000ns})
  Path Group:             (none)
  Path Type:              Recovery (Max at Slow Process Corner)
  Data Path Delay:        10.929ns  (logic 0.580ns (5.307%)  route 10.349ns (94.693%))
  Logic Levels:           1  (LUT1=1)
  Clock Path Skew:        -0.362ns (DCD - SCD + CPR)
    Destination Clock Delay (DCD):    2.750ns
    Source Clock Delay      (SCD):    3.112ns
    Clock Pessimism Removal (CPR):    0.000ns
  Clock Uncertainty:      0.302ns  ((TSJ^2 + TIJ^2)^1/2 + DJ) / 2 + PE
    Total System Jitter     (TSJ):    0.071ns
    Total Input Jitter      (TIJ):    0.600ns
    Discrete Jitter          (DJ):    0.000ns
    Phase Error              (PE):    0.000ns
  Timing Exception:       False Path

    Location             Delay type                Incr(ns)  Path(ns)    Netlist Resource(s)
  -------------------------------------------------------------------    -------------------
                         (clock clk_fpga_0 rise edge)
                                                      0.000     0.000 r  
    PS7_X0Y0             PS7                          0.000     0.000 r  design_1_i/processing_system7_0/inst/PS7_i/FCLKCLK[0]
                         net (fo=1, routed)           1.193     1.193    design_1_i/processing_system7_0/inst/FCLK_CLK_unbuffered[0]
    BUFGCTRL_X0Y16       BUFG (Prop_bufg_I_O)         0.101     1.294 r  design_1_i/processing_system7_0/inst/buffer_fclk_clk_0.FCLK_CLK_0_BUFG/O
                         net (fo=2319, routed)        1.818     3.112    design_1_i/rst_ps7_0_50M/U0/slowest_sync_clk
    SLICE_X1Y25          FDRE                                         r  design_1_i/rst_ps7_0_50M/U0/ACTIVE_LOW_PR_OUT_DFF[0].FDRE_PER_N/C
  -------------------------------------------------------------------    -------------------
    SLICE_X1Y25          FDRE (Prop_fdre_C_Q)         0.456     3.568 r  design_1_i/rst_ps7_0_50M/U0/ACTIVE_LOW_PR_OUT_DFF[0].FDRE_PER_N/Q
                         net (fo=1666, routed)        9.128    12.696    design_1_i/axi_mem_intercon/s00_couplers/auto_pc/inst/gen_axi4_axi3.axi3_conv_inst/USE_WRITE.write_addr_inst/USE_BURSTS.cmd_queue/inst/aresetn
    SLICE_X32Y54         LUT1 (Prop_lut1_I0_O)        0.124    12.820 f  design_1_i/axi_mem_intercon/s00_couplers/auto_pc/inst/gen_axi4_axi3.axi3_conv_inst/USE_WRITE.write_addr_inst/USE_BURSTS.cmd_queue/inst/S_AXI_AREADY_I_i_1/O
                         net (fo=99, routed)          1.221    14.041    <hidden>
    SLICE_X30Y44         FDPE                                         f  <hidden>
  -------------------------------------------------------------------    -------------------

                         (clock clk_fpga_0 rise edge)
                                                      0.000     0.000 r  
    PS7_X0Y0             PS7                          0.000     0.000 r  design_1_i/processing_system7_0/inst/PS7_i/FCLKCLK[0]
                         net (fo=1, routed)           1.088     1.088    design_1_i/processing_system7_0/inst/FCLK_CLK_unbuffered[0]
    BUFGCTRL_X0Y16       BUFG (Prop_bufg_I_O)         0.091     1.179 r  design_1_i/processing_system7_0/inst/buffer_fclk_clk_0.FCLK_CLK_0_BUFG/O
                         net (fo=2319, routed)        1.571     2.750    <hidden>
    SLICE_X30Y44         FDPE                                         r  <hidden>

Slack:                    inf
  Source:                 design_1_i/rst_ps7_0_50M/U0/ACTIVE_LOW_PR_OUT_DFF[0].FDRE_PER_N/C
                            (rising edge-triggered cell FDRE clocked by clk_fpga_0  {rise@0.000ns fall@10.000ns period=20.000ns})
  Destination:            <hidden>
                            (recovery check against rising-edge clock clk_fpga_0  {rise@0.000ns fall@10.000ns period=20.000ns})
  Path Group:             (none)
  Path Type:              Recovery (Max at Slow Process Corner)
  Data Path Delay:        10.081ns  (logic 0.580ns (5.754%)  route 9.501ns (94.246%))
  Logic Levels:           1  (LUT1=1)
  Clock Path Skew:        -0.454ns (DCD - SCD + CPR)
    Destination Clock Delay (DCD):    2.658ns
    Source Clock Delay      (SCD):    3.112ns
    Clock Pessimism Removal (CPR):    0.000ns
  Clock Uncertainty:      0.302ns  ((TSJ^2 + TIJ^2)^1/2 + DJ) / 2 + PE
    Total System Jitter     (TSJ):    0.071ns
    Total Input Jitter      (TIJ):    0.600ns
    Discrete Jitter          (DJ):    0.000ns
    Phase Error              (PE):    0.000ns
  Timing Exception:       False Path

    Location             Delay type                Incr(ns)  Path(ns)    Netlist Resource(s)
  -------------------------------------------------------------------    -------------------
                         (clock clk_fpga_0 rise edge)
                                                      0.000     0.000 r  
    PS7_X0Y0             PS7                          0.000     0.000 r  design_1_i/processing_system7_0/inst/PS7_i/FCLKCLK[0]
                         net (fo=1, routed)           1.193     1.193    design_1_i/processing_system7_0/inst/FCLK_CLK_unbuffered[0]
    BUFGCTRL_X0Y16       BUFG (Prop_bufg_I_O)         0.101     1.294 r  design_1_i/processing_system7_0/inst/buffer_fclk_clk_0.FCLK_CLK_0_BUFG/O
                         net (fo=2319, routed)        1.818     3.112    design_1_i/rst_ps7_0_50M/U0/slowest_sync_clk
    SLICE_X1Y25          FDRE                                         r  design_1_i/rst_ps7_0_50M/U0/ACTIVE_LOW_PR_OUT_DFF[0].FDRE_PER_N/C
  -------------------------------------------------------------------    -------------------
    SLICE_X1Y25          FDRE (Prop_fdre_C_Q)         0.456     3.568 r  design_1_i/rst_ps7_0_50M/U0/ACTIVE_LOW_PR_OUT_DFF[0].FDRE_PER_N/Q
                         net (fo=1666, routed)        9.128    12.696    design_1_i/axi_mem_intercon/s00_couplers/auto_pc/inst/gen_axi4_axi3.axi3_conv_inst/USE_WRITE.write_addr_inst/USE_BURSTS.cmd_queue/inst/aresetn
    SLICE_X32Y54         LUT1 (Prop_lut1_I0_O)        0.124    12.820 f  design_1_i/axi_mem_intercon/s00_couplers/auto_pc/inst/gen_axi4_axi3.axi3_conv_inst/USE_WRITE.write_addr_inst/USE_BURSTS.cmd_queue/inst/S_AXI_AREADY_I_i_1/O
                         net (fo=99, routed)          0.372    13.193    <hidden>
    SLICE_X33Y53         FDPE                                         f  <hidden>
  -------------------------------------------------------------------    -------------------

                         (clock clk_fpga_0 rise edge)
                                                      0.000     0.000 r  
    PS7_X0Y0             PS7                          0.000     0.000 r  design_1_i/processing_system7_0/inst/PS7_i/FCLKCLK[0]
                         net (fo=1, routed)           1.088     1.088    design_1_i/processing_system7_0/inst/FCLK_CLK_unbuffered[0]
    BUFGCTRL_X0Y16       BUFG (Prop_bufg_I_O)         0.091     1.179 r  design_1_i/processing_system7_0/inst/buffer_fclk_clk_0.FCLK_CLK_0_BUFG/O
                         net (fo=2319, routed)        1.479     2.658    <hidden>
    SLICE_X33Y53         FDPE                                         r  <hidden>

Slack:                    inf
  Source:                 design_1_i/rst_ps7_0_50M/U0/ACTIVE_LOW_PR_OUT_DFF[0].FDRE_PER_N/C
                            (rising edge-triggered cell FDRE clocked by clk_fpga_0  {rise@0.000ns fall@10.000ns period=20.000ns})
  Destination:            <hidden>
                            (recovery check against rising-edge clock clk_fpga_0  {rise@0.000ns fall@10.000ns period=20.000ns})
  Path Group:             (none)
  Path Type:              Recovery (Max at Slow Process Corner)
  Data Path Delay:        10.081ns  (logic 0.580ns (5.754%)  route 9.501ns (94.246%))
  Logic Levels:           1  (LUT1=1)
  Clock Path Skew:        -0.454ns (DCD - SCD + CPR)
    Destination Clock Delay (DCD):    2.658ns
    Source Clock Delay      (SCD):    3.112ns
    Clock Pessimism Removal (CPR):    0.000ns
  Clock Uncertainty:      0.302ns  ((TSJ^2 + TIJ^2)^1/2 + DJ) / 2 + PE
    Total System Jitter     (TSJ):    0.071ns
    Total Input Jitter      (TIJ):    0.600ns
    Discrete Jitter          (DJ):    0.000ns
    Phase Error              (PE):    0.000ns
  Timing Exception:       False Path

    Location             Delay type                Incr(ns)  Path(ns)    Netlist Resource(s)
  -------------------------------------------------------------------    -------------------
                         (clock clk_fpga_0 rise edge)
                                                      0.000     0.000 r  
    PS7_X0Y0             PS7                          0.000     0.000 r  design_1_i/processing_system7_0/inst/PS7_i/FCLKCLK[0]
                         net (fo=1, routed)           1.193     1.193    design_1_i/processing_system7_0/inst/FCLK_CLK_unbuffered[0]
    BUFGCTRL_X0Y16       BUFG (Prop_bufg_I_O)         0.101     1.294 r  design_1_i/processing_system7_0/inst/buffer_fclk_clk_0.FCLK_CLK_0_BUFG/O
                         net (fo=2319, routed)        1.818     3.112    design_1_i/rst_ps7_0_50M/U0/slowest_sync_clk
    SLICE_X1Y25          FDRE                                         r  design_1_i/rst_ps7_0_50M/U0/ACTIVE_LOW_PR_OUT_DFF[0].FDRE_PER_N/C
  -------------------------------------------------------------------    -------------------
    SLICE_X1Y25          FDRE (Prop_fdre_C_Q)         0.456     3.568 r  design_1_i/rst_ps7_0_50M/U0/ACTIVE_LOW_PR_OUT_DFF[0].FDRE_PER_N/Q
                         net (fo=1666, routed)        9.128    12.696    design_1_i/axi_mem_intercon/s00_couplers/auto_pc/inst/gen_axi4_axi3.axi3_conv_inst/USE_WRITE.write_addr_inst/USE_BURSTS.cmd_queue/inst/aresetn
    SLICE_X32Y54         LUT1 (Prop_lut1_I0_O)        0.124    12.820 f  design_1_i/axi_mem_intercon/s00_couplers/auto_pc/inst/gen_axi4_axi3.axi3_conv_inst/USE_WRITE.write_addr_inst/USE_BURSTS.cmd_queue/inst/S_AXI_AREADY_I_i_1/O
                         net (fo=99, routed)          0.372    13.193    <hidden>
    SLICE_X33Y53         FDPE                                         f  <hidden>
  -------------------------------------------------------------------    -------------------

                         (clock clk_fpga_0 rise edge)
                                                      0.000     0.000 r  
    PS7_X0Y0             PS7                          0.000     0.000 r  design_1_i/processing_system7_0/inst/PS7_i/FCLKCLK[0]
                         net (fo=1, routed)           1.088     1.088    design_1_i/processing_system7_0/inst/FCLK_CLK_unbuffered[0]
    BUFGCTRL_X0Y16       BUFG (Prop_bufg_I_O)         0.091     1.179 r  design_1_i/processing_system7_0/inst/buffer_fclk_clk_0.FCLK_CLK_0_BUFG/O
                         net (fo=2319, routed)        1.479     2.658    <hidden>
    SLICE_X33Y53         FDPE                                         r  <hidden>





Min Delay Paths
--------------------------------------------------------------------------------------
Slack:                    inf
  Source:                 design_1_i/rst_ps7_0_50M/U0/ACTIVE_LOW_PR_OUT_DFF[0].FDRE_PER_N/C
                            (rising edge-triggered cell FDRE clocked by clk_fpga_0  {rise@0.000ns fall@10.000ns period=20.000ns})
  Destination:            <hidden>
                            (removal check against rising-edge clock clk_fpga_0  {rise@0.000ns fall@10.000ns period=20.000ns})
  Path Group:             (none)
  Path Type:              Removal (Min at Fast Process Corner)
  Data Path Delay:        4.470ns  (logic 0.186ns (4.161%)  route 4.284ns (95.839%))
  Logic Levels:           1  (LUT1=1)
  Clock Path Skew:        0.243ns (DCD - SCD - CPR)
    Destination Clock Delay (DCD):    1.191ns
    Source Clock Delay      (SCD):    0.948ns
    Clock Pessimism Removal (CPR):    -0.000ns
  Clock Uncertainty:      0.302ns  ((TSJ^2 + TIJ^2)^1/2 + DJ) / 2 + PE
    Total System Jitter     (TSJ):    0.071ns
    Total Input Jitter      (TIJ):    0.600ns
    Discrete Jitter          (DJ):    0.000ns
    Phase Error              (PE):    0.000ns
  Timing Exception:       False Path

    Location             Delay type                Incr(ns)  Path(ns)    Netlist Resource(s)
  -------------------------------------------------------------------    -------------------
                         (clock clk_fpga_0 rise edge)
                                                      0.000     0.000 r  
    PS7_X0Y0             PS7                          0.000     0.000 r  design_1_i/processing_system7_0/inst/PS7_i/FCLKCLK[0]
                         net (fo=1, routed)           0.310     0.310    design_1_i/processing_system7_0/inst/FCLK_CLK_unbuffered[0]
    BUFGCTRL_X0Y16       BUFG (Prop_bufg_I_O)         0.026     0.336 r  design_1_i/processing_system7_0/inst/buffer_fclk_clk_0.FCLK_CLK_0_BUFG/O
                         net (fo=2319, routed)        0.612     0.948    design_1_i/rst_ps7_0_50M/U0/slowest_sync_clk
    SLICE_X1Y25          FDRE                                         r  design_1_i/rst_ps7_0_50M/U0/ACTIVE_LOW_PR_OUT_DFF[0].FDRE_PER_N/C
  -------------------------------------------------------------------    -------------------
    SLICE_X1Y25          FDRE (Prop_fdre_C_Q)         0.141     1.089 r  design_1_i/rst_ps7_0_50M/U0/ACTIVE_LOW_PR_OUT_DFF[0].FDRE_PER_N/Q
                         net (fo=1666, routed)        4.143     5.232    design_1_i/axi_mem_intercon/s00_couplers/auto_pc/inst/gen_axi4_axi3.axi3_conv_inst/USE_WRITE.write_addr_inst/USE_BURSTS.cmd_queue/inst/aresetn
    SLICE_X32Y54         LUT1 (Prop_lut1_I0_O)        0.045     5.277 f  design_1_i/axi_mem_intercon/s00_couplers/auto_pc/inst/gen_axi4_axi3.axi3_conv_inst/USE_WRITE.write_addr_inst/USE_BURSTS.cmd_queue/inst/S_AXI_AREADY_I_i_1/O
                         net (fo=99, routed)          0.140     5.417    <hidden>
    SLICE_X33Y53         FDPE                                         f  <hidden>
  -------------------------------------------------------------------    -------------------

                         (clock clk_fpga_0 rise edge)
                                                      0.000     0.000 r  
    PS7_X0Y0             PS7                          0.000     0.000 r  design_1_i/processing_system7_0/inst/PS7_i/FCLKCLK[0]
                         net (fo=1, routed)           0.337     0.337    design_1_i/processing_system7_0/inst/FCLK_CLK_unbuffered[0]
    BUFGCTRL_X0Y16       BUFG (Prop_bufg_I_O)         0.029     0.366 r  design_1_i/processing_system7_0/inst/buffer_fclk_clk_0.FCLK_CLK_0_BUFG/O
                         net (fo=2319, routed)        0.825     1.191    <hidden>
    SLICE_X33Y53         FDPE                                         r  <hidden>

Slack:                    inf
  Source:                 design_1_i/rst_ps7_0_50M/U0/ACTIVE_LOW_PR_OUT_DFF[0].FDRE_PER_N/C
                            (rising edge-triggered cell FDRE clocked by clk_fpga_0  {rise@0.000ns fall@10.000ns period=20.000ns})
  Destination:            <hidden>
                            (removal check against rising-edge clock clk_fpga_0  {rise@0.000ns fall@10.000ns period=20.000ns})
  Path Group:             (none)
  Path Type:              Removal (Min at Fast Process Corner)
  Data Path Delay:        4.470ns  (logic 0.186ns (4.161%)  route 4.284ns (95.839%))
  Logic Levels:           1  (LUT1=1)
  Clock Path Skew:        0.243ns (DCD - SCD - CPR)
    Destination Clock Delay (DCD):    1.191ns
    Source Clock Delay      (SCD):    0.948ns
    Clock Pessimism Removal (CPR):    -0.000ns
  Clock Uncertainty:      0.302ns  ((TSJ^2 + TIJ^2)^1/2 + DJ) / 2 + PE
    Total System Jitter     (TSJ):    0.071ns
    Total Input Jitter      (TIJ):    0.600ns
    Discrete Jitter          (DJ):    0.000ns
    Phase Error              (PE):    0.000ns
  Timing Exception:       False Path

    Location             Delay type                Incr(ns)  Path(ns)    Netlist Resource(s)
  -------------------------------------------------------------------    -------------------
                         (clock clk_fpga_0 rise edge)
                                                      0.000     0.000 r  
    PS7_X0Y0             PS7                          0.000     0.000 r  design_1_i/processing_system7_0/inst/PS7_i/FCLKCLK[0]
                         net (fo=1, routed)           0.310     0.310    design_1_i/processing_system7_0/inst/FCLK_CLK_unbuffered[0]
    BUFGCTRL_X0Y16       BUFG (Prop_bufg_I_O)         0.026     0.336 r  design_1_i/processing_system7_0/inst/buffer_fclk_clk_0.FCLK_CLK_0_BUFG/O
                         net (fo=2319, routed)        0.612     0.948    design_1_i/rst_ps7_0_50M/U0/slowest_sync_clk
    SLICE_X1Y25          FDRE                                         r  design_1_i/rst_ps7_0_50M/U0/ACTIVE_LOW_PR_OUT_DFF[0].FDRE_PER_N/C
  -------------------------------------------------------------------    -------------------
    SLICE_X1Y25          FDRE (Prop_fdre_C_Q)         0.141     1.089 r  design_1_i/rst_ps7_0_50M/U0/ACTIVE_LOW_PR_OUT_DFF[0].FDRE_PER_N/Q
                         net (fo=1666, routed)        4.143     5.232    design_1_i/axi_mem_intercon/s00_couplers/auto_pc/inst/gen_axi4_axi3.axi3_conv_inst/USE_WRITE.write_addr_inst/USE_BURSTS.cmd_queue/inst/aresetn
    SLICE_X32Y54         LUT1 (Prop_lut1_I0_O)        0.045     5.277 f  design_1_i/axi_mem_intercon/s00_couplers/auto_pc/inst/gen_axi4_axi3.axi3_conv_inst/USE_WRITE.write_addr_inst/USE_BURSTS.cmd_queue/inst/S_AXI_AREADY_I_i_1/O
                         net (fo=99, routed)          0.140     5.417    <hidden>
    SLICE_X33Y53         FDPE                                         f  <hidden>
  -------------------------------------------------------------------    -------------------

                         (clock clk_fpga_0 rise edge)
                                                      0.000     0.000 r  
    PS7_X0Y0             PS7                          0.000     0.000 r  design_1_i/processing_system7_0/inst/PS7_i/FCLKCLK[0]
                         net (fo=1, routed)           0.337     0.337    design_1_i/processing_system7_0/inst/FCLK_CLK_unbuffered[0]
    BUFGCTRL_X0Y16       BUFG (Prop_bufg_I_O)         0.029     0.366 r  design_1_i/processing_system7_0/inst/buffer_fclk_clk_0.FCLK_CLK_0_BUFG/O
                         net (fo=2319, routed)        0.825     1.191    <hidden>
    SLICE_X33Y53         FDPE                                         r  <hidden>

Slack:                    inf
  Source:                 design_1_i/rst_ps7_0_50M/U0/ACTIVE_LOW_PR_OUT_DFF[0].FDRE_PER_N/C
                            (rising edge-triggered cell FDRE clocked by clk_fpga_0  {rise@0.000ns fall@10.000ns period=20.000ns})
  Destination:            <hidden>
                            (removal check against rising-edge clock clk_fpga_0  {rise@0.000ns fall@10.000ns period=20.000ns})
  Path Group:             (none)
  Path Type:              Removal (Min at Fast Process Corner)
  Data Path Delay:        4.909ns  (logic 0.186ns (3.789%)  route 4.723ns (96.211%))
  Logic Levels:           1  (LUT1=1)
  Clock Path Skew:        0.276ns (DCD - SCD - CPR)
    Destination Clock Delay (DCD):    1.224ns
    Source Clock Delay      (SCD):    0.948ns
    Clock Pessimism Removal (CPR):    -0.000ns
  Clock Uncertainty:      0.302ns  ((TSJ^2 + TIJ^2)^1/2 + DJ) / 2 + PE
    Total System Jitter     (TSJ):    0.071ns
    Total Input Jitter      (TIJ):    0.600ns
    Discrete Jitter          (DJ):    0.000ns
    Phase Error              (PE):    0.000ns
  Timing Exception:       False Path

    Location             Delay type                Incr(ns)  Path(ns)    Netlist Resource(s)
  -------------------------------------------------------------------    -------------------
                         (clock clk_fpga_0 rise edge)
                                                      0.000     0.000 r  
    PS7_X0Y0             PS7                          0.000     0.000 r  design_1_i/processing_system7_0/inst/PS7_i/FCLKCLK[0]
                         net (fo=1, routed)           0.310     0.310    design_1_i/processing_system7_0/inst/FCLK_CLK_unbuffered[0]
    BUFGCTRL_X0Y16       BUFG (Prop_bufg_I_O)         0.026     0.336 r  design_1_i/processing_system7_0/inst/buffer_fclk_clk_0.FCLK_CLK_0_BUFG/O
                         net (fo=2319, routed)        0.612     0.948    design_1_i/rst_ps7_0_50M/U0/slowest_sync_clk
    SLICE_X1Y25          FDRE                                         r  design_1_i/rst_ps7_0_50M/U0/ACTIVE_LOW_PR_OUT_DFF[0].FDRE_PER_N/C
  -------------------------------------------------------------------    -------------------
    SLICE_X1Y25          FDRE (Prop_fdre_C_Q)         0.141     1.089 r  design_1_i/rst_ps7_0_50M/U0/ACTIVE_LOW_PR_OUT_DFF[0].FDRE_PER_N/Q
                         net (fo=1666, routed)        4.143     5.232    design_1_i/axi_mem_intercon/s00_couplers/auto_pc/inst/gen_axi4_axi3.axi3_conv_inst/USE_WRITE.write_addr_inst/USE_BURSTS.cmd_queue/inst/aresetn
    SLICE_X32Y54         LUT1 (Prop_lut1_I0_O)        0.045     5.277 f  design_1_i/axi_mem_intercon/s00_couplers/auto_pc/inst/gen_axi4_axi3.axi3_conv_inst/USE_WRITE.write_addr_inst/USE_BURSTS.cmd_queue/inst/S_AXI_AREADY_I_i_1/O
                         net (fo=99, routed)          0.580     5.857    <hidden>
    SLICE_X30Y44         FDPE                                         f  <hidden>
  -------------------------------------------------------------------    -------------------

                         (clock clk_fpga_0 rise edge)
                                                      0.000     0.000 r  
    PS7_X0Y0             PS7                          0.000     0.000 r  design_1_i/processing_system7_0/inst/PS7_i/FCLKCLK[0]
                         net (fo=1, routed)           0.337     0.337    design_1_i/processing_system7_0/inst/FCLK_CLK_unbuffered[0]
    BUFGCTRL_X0Y16       BUFG (Prop_bufg_I_O)         0.029     0.366 r  design_1_i/processing_system7_0/inst/buffer_fclk_clk_0.FCLK_CLK_0_BUFG/O
                         net (fo=2319, routed)        0.858     1.224    <hidden>
    SLICE_X30Y44         FDPE                                         r  <hidden>

Slack:                    inf
  Source:                 design_1_i/rst_ps7_0_50M/U0/ACTIVE_LOW_PR_OUT_DFF[0].FDRE_PER_N/C
                            (rising edge-triggered cell FDRE clocked by clk_fpga_0  {rise@0.000ns fall@10.000ns period=20.000ns})
  Destination:            <hidden>
                            (removal check against rising-edge clock clk_fpga_0  {rise@0.000ns fall@10.000ns period=20.000ns})
  Path Group:             (none)
  Path Type:              Removal (Min at Fast Process Corner)
  Data Path Delay:        4.909ns  (logic 0.186ns (3.789%)  route 4.723ns (96.211%))
  Logic Levels:           1  (LUT1=1)
  Clock Path Skew:        0.276ns (DCD - SCD - CPR)
    Destination Clock Delay (DCD):    1.224ns
    Source Clock Delay      (SCD):    0.948ns
    Clock Pessimism Removal (CPR):    -0.000ns
  Clock Uncertainty:      0.302ns  ((TSJ^2 + TIJ^2)^1/2 + DJ) / 2 + PE
    Total System Jitter     (TSJ):    0.071ns
    Total Input Jitter      (TIJ):    0.600ns
    Discrete Jitter          (DJ):    0.000ns
    Phase Error              (PE):    0.000ns
  Timing Exception:       False Path

    Location             Delay type                Incr(ns)  Path(ns)    Netlist Resource(s)
  -------------------------------------------------------------------    -------------------
                         (clock clk_fpga_0 rise edge)
                                                      0.000     0.000 r  
    PS7_X0Y0             PS7                          0.000     0.000 r  design_1_i/processing_system7_0/inst/PS7_i/FCLKCLK[0]
                         net (fo=1, routed)           0.310     0.310    design_1_i/processing_system7_0/inst/FCLK_CLK_unbuffered[0]
    BUFGCTRL_X0Y16       BUFG (Prop_bufg_I_O)         0.026     0.336 r  design_1_i/processing_system7_0/inst/buffer_fclk_clk_0.FCLK_CLK_0_BUFG/O
                         net (fo=2319, routed)        0.612     0.948    design_1_i/rst_ps7_0_50M/U0/slowest_sync_clk
    SLICE_X1Y25          FDRE                                         r  design_1_i/rst_ps7_0_50M/U0/ACTIVE_LOW_PR_OUT_DFF[0].FDRE_PER_N/C
  -------------------------------------------------------------------    -------------------
    SLICE_X1Y25          FDRE (Prop_fdre_C_Q)         0.141     1.089 r  design_1_i/rst_ps7_0_50M/U0/ACTIVE_LOW_PR_OUT_DFF[0].FDRE_PER_N/Q
                         net (fo=1666, routed)        4.143     5.232    design_1_i/axi_mem_intercon/s00_couplers/auto_pc/inst/gen_axi4_axi3.axi3_conv_inst/USE_WRITE.write_addr_inst/USE_BURSTS.cmd_queue/inst/aresetn
    SLICE_X32Y54         LUT1 (Prop_lut1_I0_O)        0.045     5.277 f  design_1_i/axi_mem_intercon/s00_couplers/auto_pc/inst/gen_axi4_axi3.axi3_conv_inst/USE_WRITE.write_addr_inst/USE_BURSTS.cmd_queue/inst/S_AXI_AREADY_I_i_1/O
                         net (fo=99, routed)          0.580     5.857    <hidden>
    SLICE_X30Y44         FDPE                                         f  <hidden>
  -------------------------------------------------------------------    -------------------

                         (clock clk_fpga_0 rise edge)
                                                      0.000     0.000 r  
    PS7_X0Y0             PS7                          0.000     0.000 r  design_1_i/processing_system7_0/inst/PS7_i/FCLKCLK[0]
                         net (fo=1, routed)           0.337     0.337    design_1_i/processing_system7_0/inst/FCLK_CLK_unbuffered[0]
    BUFGCTRL_X0Y16       BUFG (Prop_bufg_I_O)         0.029     0.366 r  design_1_i/processing_system7_0/inst/buffer_fclk_clk_0.FCLK_CLK_0_BUFG/O
                         net (fo=2319, routed)        0.858     1.224    <hidden>
    SLICE_X30Y44         FDPE                                         r  <hidden>

Slack:                    inf
  Source:                 design_1_i/rst_ps7_0_50M/U0/ACTIVE_LOW_PR_OUT_DFF[0].FDRE_PER_N/C
                            (rising edge-triggered cell FDRE clocked by clk_fpga_0  {rise@0.000ns fall@10.000ns period=20.000ns})
  Destination:            <hidden>
                            (removal check against rising-edge clock clk_fpga_0  {rise@0.000ns fall@10.000ns period=20.000ns})
  Path Group:             (none)
  Path Type:              Removal (Min at Fast Process Corner)
  Data Path Delay:        5.015ns  (logic 0.186ns (3.709%)  route 4.829ns (96.291%))
  Logic Levels:           1  (LUT1=1)
  Clock Path Skew:        0.276ns (DCD - SCD - CPR)
    Destination Clock Delay (DCD):    1.224ns
    Source Clock Delay      (SCD):    0.948ns
    Clock Pessimism Removal (CPR):    -0.000ns
  Clock Uncertainty:      0.302ns  ((TSJ^2 + TIJ^2)^1/2 + DJ) / 2 + PE
    Total System Jitter     (TSJ):    0.071ns
    Total Input Jitter      (TIJ):    0.600ns
    Discrete Jitter          (DJ):    0.000ns
    Phase Error              (PE):    0.000ns
  Timing Exception:       False Path

    Location             Delay type                Incr(ns)  Path(ns)    Netlist Resource(s)
  -------------------------------------------------------------------    -------------------
                         (clock clk_fpga_0 rise edge)
                                                      0.000     0.000 r  
    PS7_X0Y0             PS7                          0.000     0.000 r  design_1_i/processing_system7_0/inst/PS7_i/FCLKCLK[0]
                         net (fo=1, routed)           0.310     0.310    design_1_i/processing_system7_0/inst/FCLK_CLK_unbuffered[0]
    BUFGCTRL_X0Y16       BUFG (Prop_bufg_I_O)         0.026     0.336 r  design_1_i/processing_system7_0/inst/buffer_fclk_clk_0.FCLK_CLK_0_BUFG/O
                         net (fo=2319, routed)        0.612     0.948    design_1_i/rst_ps7_0_50M/U0/slowest_sync_clk
    SLICE_X1Y25          FDRE                                         r  design_1_i/rst_ps7_0_50M/U0/ACTIVE_LOW_PR_OUT_DFF[0].FDRE_PER_N/C
  -------------------------------------------------------------------    -------------------
    SLICE_X1Y25          FDRE (Prop_fdre_C_Q)         0.141     1.089 r  design_1_i/rst_ps7_0_50M/U0/ACTIVE_LOW_PR_OUT_DFF[0].FDRE_PER_N/Q
                         net (fo=1666, routed)        4.143     5.232    design_1_i/axi_mem_intercon/s00_couplers/auto_pc/inst/gen_axi4_axi3.axi3_conv_inst/USE_WRITE.write_addr_inst/USE_BURSTS.cmd_queue/inst/aresetn
    SLICE_X32Y54         LUT1 (Prop_lut1_I0_O)        0.045     5.277 f  design_1_i/axi_mem_intercon/s00_couplers/auto_pc/inst/gen_axi4_axi3.axi3_conv_inst/USE_WRITE.write_addr_inst/USE_BURSTS.cmd_queue/inst/S_AXI_AREADY_I_i_1/O
                         net (fo=99, routed)          0.686     5.963    <hidden>
    SLICE_X29Y45         FDPE                                         f  <hidden>
  -------------------------------------------------------------------    -------------------

                         (clock clk_fpga_0 rise edge)
                                                      0.000     0.000 r  
    PS7_X0Y0             PS7                          0.000     0.000 r  design_1_i/processing_system7_0/inst/PS7_i/FCLKCLK[0]
                         net (fo=1, routed)           0.337     0.337    design_1_i/processing_system7_0/inst/FCLK_CLK_unbuffered[0]
    BUFGCTRL_X0Y16       BUFG (Prop_bufg_I_O)         0.029     0.366 r  design_1_i/processing_system7_0/inst/buffer_fclk_clk_0.FCLK_CLK_0_BUFG/O
                         net (fo=2319, routed)        0.858     1.224    <hidden>
    SLICE_X29Y45         FDPE                                         r  <hidden>

Slack:                    inf
  Source:                 design_1_i/rst_ps7_0_50M/U0/ACTIVE_LOW_PR_OUT_DFF[0].FDRE_PER_N/C
                            (rising edge-triggered cell FDRE clocked by clk_fpga_0  {rise@0.000ns fall@10.000ns period=20.000ns})
  Destination:            <hidden>
                            (removal check against rising-edge clock clk_fpga_0  {rise@0.000ns fall@10.000ns period=20.000ns})
  Path Group:             (none)
  Path Type:              Removal (Min at Fast Process Corner)
  Data Path Delay:        5.015ns  (logic 0.186ns (3.709%)  route 4.829ns (96.291%))
  Logic Levels:           1  (LUT1=1)
  Clock Path Skew:        0.276ns (DCD - SCD - CPR)
    Destination Clock Delay (DCD):    1.224ns
    Source Clock Delay      (SCD):    0.948ns
    Clock Pessimism Removal (CPR):    -0.000ns
  Clock Uncertainty:      0.302ns  ((TSJ^2 + TIJ^2)^1/2 + DJ) / 2 + PE
    Total System Jitter     (TSJ):    0.071ns
    Total Input Jitter      (TIJ):    0.600ns
    Discrete Jitter          (DJ):    0.000ns
    Phase Error              (PE):    0.000ns
  Timing Exception:       False Path

    Location             Delay type                Incr(ns)  Path(ns)    Netlist Resource(s)
  -------------------------------------------------------------------    -------------------
                         (clock clk_fpga_0 rise edge)
                                                      0.000     0.000 r  
    PS7_X0Y0             PS7                          0.000     0.000 r  design_1_i/processing_system7_0/inst/PS7_i/FCLKCLK[0]
                         net (fo=1, routed)           0.310     0.310    design_1_i/processing_system7_0/inst/FCLK_CLK_unbuffered[0]
    BUFGCTRL_X0Y16       BUFG (Prop_bufg_I_O)         0.026     0.336 r  design_1_i/processing_system7_0/inst/buffer_fclk_clk_0.FCLK_CLK_0_BUFG/O
                         net (fo=2319, routed)        0.612     0.948    design_1_i/rst_ps7_0_50M/U0/slowest_sync_clk
    SLICE_X1Y25          FDRE                                         r  design_1_i/rst_ps7_0_50M/U0/ACTIVE_LOW_PR_OUT_DFF[0].FDRE_PER_N/C
  -------------------------------------------------------------------    -------------------
    SLICE_X1Y25          FDRE (Prop_fdre_C_Q)         0.141     1.089 r  design_1_i/rst_ps7_0_50M/U0/ACTIVE_LOW_PR_OUT_DFF[0].FDRE_PER_N/Q
                         net (fo=1666, routed)        4.143     5.232    design_1_i/axi_mem_intercon/s00_couplers/auto_pc/inst/gen_axi4_axi3.axi3_conv_inst/USE_WRITE.write_addr_inst/USE_BURSTS.cmd_queue/inst/aresetn
    SLICE_X32Y54         LUT1 (Prop_lut1_I0_O)        0.045     5.277 f  design_1_i/axi_mem_intercon/s00_couplers/auto_pc/inst/gen_axi4_axi3.axi3_conv_inst/USE_WRITE.write_addr_inst/USE_BURSTS.cmd_queue/inst/S_AXI_AREADY_I_i_1/O
                         net (fo=99, routed)          0.686     5.963    <hidden>
    SLICE_X29Y45         FDPE                                         f  <hidden>
  -------------------------------------------------------------------    -------------------

                         (clock clk_fpga_0 rise edge)
                                                      0.000     0.000 r  
    PS7_X0Y0             PS7                          0.000     0.000 r  design_1_i/processing_system7_0/inst/PS7_i/FCLKCLK[0]
                         net (fo=1, routed)           0.337     0.337    design_1_i/processing_system7_0/inst/FCLK_CLK_unbuffered[0]
    BUFGCTRL_X0Y16       BUFG (Prop_bufg_I_O)         0.029     0.366 r  design_1_i/processing_system7_0/inst/buffer_fclk_clk_0.FCLK_CLK_0_BUFG/O
                         net (fo=2319, routed)        0.858     1.224    <hidden>
    SLICE_X29Y45         FDPE                                         r  <hidden>





